,COUNTRY,DIVISION,CATEGORY,SUB_CATEGORY,A_2019_Q1,A_2019_Q2,A_2019_Q3,A_2019_Q4,A_2019_FY,A_2020_Q1,A_2020_Q2,A_2020_Q3,A_2020_Q4,A_2020_FY,BS_2021_Q1,BS_2021_Q2,BS_2021_Q3,BS_2021_Q4,BS_2022_Q1,BS_2022_Q2,BS_2022_Q3,BS_2022_Q4,LC_2021_Q1,LC_2021_Q2,LC_2021_Q3,LC_2021_Q4,LC_2022_Q1,LC_2022_Q2,LC_2022_Q3,LC_2022_Q4,RI_2021_Q1,RI_2021_Q2,RI_2021_Q3,RI_2021_Q4,RI_2022_Q1,RI_2022_Q2,RI_2022_Q3,RI_2022_Q4,UL_TO_YTD_NOV,UW_BS_H1_2022_2021,UW_BS_H2_2022_2021,UW_BS_FY_2021_2020,UW_BS_FY_2022_2019,UW_BS_FY_2022_2021,UW_LC_H1_2022_2021,UW_LC_H2_2022_2021,UW_LC_FY_2021_2020,UW_LC_FY_2022_2019,UW_LC_FY_2022_2021,UW_RI_H1_2022_2021,UW_RI_H2_2022_2021,UW_RI_FY_2021_2020,UW_RI_FY_2022_2019,UW_RI_FY_2022_2021,BS_H1_2022_2021,BS_H2_2022_2021,BS_FY_2021_2020,BS_FY_2022_2019,BS_FY_2022_2021,LC_H1_2022_2021,LC_H2_2022_2021,LC_FY_2021_2020,LC_FY_2022_2019,LC_FY_2022_2021,RI_H1_2022_2021,RI_H2_2022_2021,RI_FY_2021_2020,RI_FY_2022_2019,RI_FY_2022_2021
0,Brazil,BPC,Deos,Deodorants,0.27,0.26,0.28,0.32,1.13,0.32,0.28,0.29,0.34,1.23,0.34,0.31,0.29,0.31,0.32,0.3,0.3,0.33,0.34,0.31,0.29,0.31,0.32,0.31,0.3,0.33,0.34,0.31,0.29,0.31,0.32,0.31,0.31,0.34,449.86,-3.93,3.46,2.11,10.8,-0.37,-3.88,3.91,2.01,10.96,-0.13,-2.61,6.72,2.05,13.24,1.89,-3.93,3.46,2.11,10.8,-0.37,-3.88,3.91,2.01,10.96,-0.13,-2.61,6.72,2.05,13.24,1.89
1,Brazil,BPC,Hair Care,Hair Postwash,0.3,0.28,0.27,0.29,1.14,0.29,0.26,0.27,0.3,1.12,0.29,0.28,0.26,0.27,0.28,0.25,0.25,0.26,0.29,0.28,0.26,0.27,0.28,0.27,0.26,0.27,0.29,0.28,0.26,0.27,0.3,0.27,0.25,0.27,34.62,-6.35,-5.03,-1.7,-9.13,-5.71,-2.87,-1.34,-1.88,-5.85,-2.13,-0.19,-1.38,-2.23,-4.89,-0.77,-6.35,-5.03,-1.7,-9.13,-5.71,-2.87,-1.34,-1.88,-5.85,-2.13,-0.19,-1.38,-2.23,-4.89,-0.77
2,Brazil,BPC,Hair Care,Hair Shampoo,0.23,0.22,0.21,0.23,0.89,0.23,0.22,0.22,0.23,0.9,0.23,0.23,0.21,0.22,0.22,0.21,0.21,0.22,0.23,0.23,0.21,0.22,0.22,0.21,0.21,0.22,0.23,0.23,0.21,0.23,0.25,0.24,0.22,0.24,283.44,-6.34,-0.42,-1.77,-4.17,-3.48,-5.91,0.38,-1.79,-3.59,-2.87,6.37,5.96,-0.84,6.41,6.17,-6.34,-0.42,-1.77,-4.17,-3.48,-5.91,0.38,-1.79,-3.59,-2.87,6.37,5.96,-0.84,6.41,6.17
3,Brazil,BPC,Hair Care,Total,0.53,0.5,0.48,0.52,2.03,0.52,0.48,0.49,0.53,2.02,0.52,0.51,0.47,0.49,0.5,0.46,0.46,0.48,0.52,0.51,0.47,0.49,0.5,0.48,0.47,0.49,0.52,0.51,0.47,0.5,0.55,0.51,0.47,0.51,318.07,-6.34,-2.98,-1.73,-6.95,-4.71,-4.23,-0.57,-1.84,-4.86,-2.46,2.75,1.94,-1.61,0.07,2.36,-6.34,-0.92,-1.76,-4.71,-3.72,-5.58,0.19,-1.8,-3.84,-2.79,5.66,5.16,-0.99,5.18,5.41
4,Brazil,BPC,Skin Cleansing,Skin Cleansing-Bar,0.17,0.17,0.17,0.18,0.68,0.18,0.18,0.18,0.19,0.74,0.2,0.2,0.2,0.21,0.21,0.21,0.2,0.21,0.2,0.2,0.2,0.21,0.21,0.21,0.21,0.21,0.2,0.2,0.21,0.22,0.24,0.25,0.22,0.23,131.96,3.93,-0.36,10.89,22.22,1.73,5.61,0.74,10.91,23.9,3.11,24.84,7.16,11.02,39.25,15.76,3.93,-0.36,10.89,22.22,1.73,5.61,0.74,10.91,23.9,3.11,24.84,7.16,11.02,39.25,15.76
5,Brazil,BPC,Skin Cleansing,Skin Cleansing-Liquid,0.04,0.04,0.04,0.05,0.18,0.05,0.06,0.06,0.06,0.24,0.07,0.07,0.07,0.07,0.07,0.07,0.07,0.07,0.07,0.07,0.07,0.07,0.07,0.07,0.07,0.07,0.07,0.07,0.07,0.07,0.08,0.08,0.07,0.07,27.92,4.06,-0.18,12.39,54.65,1.9,6.43,1.68,12.37,57.84,4.01,24.97,7.12,12.46,75.98,15.87,4.06,-0.18,12.39,54.65,1.9,6.43,1.68,12.37,57.84,4.01,24.97,7.12,12.46,75.98,15.87
6,Brazil,BPC,Skin Cleansing,Total,0.21,0.21,0.21,0.23,0.86,0.23,0.24,0.24,0.25,0.98,0.27,0.27,0.27,0.28,0.28,0.28,0.27,0.28,0.27,0.27,0.27,0.28,0.28,0.28,0.28,0.28,0.27,0.27,0.28,0.29,0.32,0.33,0.29,0.3,159.88,3.96,-0.32,11.25,28.92,1.77,5.81,0.97,11.27,30.91,3.33,24.87,7.15,11.37,46.83,15.79,3.95,-0.33,11.15,27.88,1.76,5.75,0.9,11.16,29.83,3.27,24.86,7.15,11.27,45.67,15.78
7,Brazil,F&R,Food,Mayonnaise,0.07,0.06,0.06,0.07,0.26,0.07,0.08,0.08,0.09,0.31,0.09,0.08,0.08,0.09,0.08,0.08,0.08,0.09,0.09,0.08,0.08,0.09,0.08,0.08,0.08,0.09,0.09,0.08,0.08,0.09,0.09,0.09,0.09,0.09,163.23,-6.18,-3.79,9.91,24.21,-4.99,-3.85,-3.05,9.92,26.22,-3.45,3.19,8.94,9.42,38.01,6.05,-6.18,-3.79,9.91,24.21,-4.99,-3.85,-3.05,9.92,26.22,-3.45,3.19,8.94,9.42,38.01,6.05
8,Brazil,HC,Fabric Solution,Fabric Solution,0.38,0.38,0.38,0.39,1.53,0.4,0.39,0.4,0.42,1.61,0.42,0.42,0.45,0.46,0.45,0.45,0.46,0.47,0.42,0.42,0.45,0.46,0.45,0.46,0.46,0.47,0.42,0.42,0.44,0.45,0.47,0.47,0.48,0.49,784.69,7.13,2.48,8.52,19.28,4.72,7.81,2.98,8.56,19.99,5.31,11.22,9.69,7.64,24.76,10.43,7.13,2.48,8.52,19.28,4.72,7.81,2.98,8.56,19.99,5.31,11.22,9.69,7.64,24.76,10.43
9,Brazil,BPC,Total,Total,1.01,0.97,0.97,1.07,4.02,1.07,1.0,1.02,1.12,4.23,1.13,1.09,1.03,1.08,1.1,1.04,1.03,1.09,1.13,1.09,1.03,1.08,1.1,1.07,1.05,1.1,1.13,1.09,1.04,1.1,1.19,1.15,1.07,1.15,927.81,-3.15,-0.45,2.38,5.67,-1.83,-1.71,1.1,2.31,7.2,-0.33,6.5,4.66,2.45,13.73,5.59,-3.4,1.31,2.34,8.43,-1.15,-2.8,2.12,2.28,9.14,-0.46,4.96,6.26,2.6,16.06,5.49
10,Brazil,F&R,Total,Total,0.07,0.06,0.06,0.07,0.26,0.07,0.08,0.08,0.09,0.31,0.09,0.08,0.08,0.09,0.08,0.08,0.08,0.09,0.09,0.08,0.08,0.09,0.08,0.08,0.08,0.09,0.09,0.08,0.08,0.09,0.09,0.09,0.09,0.09,163.23,-6.18,-3.79,9.91,24.21,-4.99,-3.85,-3.05,9.92,26.22,-3.45,3.19,8.94,9.42,38.01,6.05,-6.18,-3.79,9.91,24.21,-4.99,-3.85,-3.05,9.92,26.22,-3.45,3.19,8.94,9.42,38.01,6.05
11,Brazil,HC,Total,Total,0.38,0.38,0.38,0.39,1.53,0.4,0.39,0.4,0.42,1.61,0.42,0.42,0.45,0.46,0.45,0.45,0.46,0.47,0.42,0.42,0.45,0.46,0.45,0.46,0.46,0.47,0.42,0.42,0.44,0.45,0.47,0.47,0.48,0.49,784.69,7.13,2.48,8.52,19.28,4.72,7.81,2.98,8.56,19.99,5.31,11.22,9.69,7.64,24.76,10.43,7.13,2.48,8.52,19.28,4.72,7.81,2.98,8.56,19.99,5.31,11.22,9.69,7.64,24.76,10.43
12,Brazil,Total,Total,Total,1.46,1.41,1.41,1.53,5.81,1.54,1.47,1.5,1.63,6.15,1.64,1.59,1.56,1.63,1.63,1.57,1.57,1.65,1.64,1.59,1.56,1.63,1.63,1.61,1.59,1.66,1.64,1.59,1.56,1.64,1.75,1.71,1.64,1.73,1875.73,-0.62,0.2,4.37,10.09,-0.21,0.67,1.41,4.33,11.43,1.04,7.56,6.29,4.16,17.73,6.93,0.76,1.35,5.58,14.34,0.97,1.55,2.03,5.57,15.16,1.7,7.42,7.93,5.3,21.61,7.61
13,France,BPC,Deos,Deodorants,122.22,133.15,140.8,116.97,513.13,118.19,109.74,133.24,105.11,466.27,102.89,120.26,129.39,114.89,119.22,127.5,133.71,118.24,102.89,120.26,129.39,113.9,110.53,124.18,134.13,114.1,102.89,120.26,129.39,116.95,116.86,126.05,131.93,119.89,88.69,10.57,3.14,0.25,-2.82,6.68,5.18,2.03,0.04,-5.88,3.54,8.86,2.22,0.69,-3.59,5.38,10.57,3.14,0.25,-2.82,6.68,5.18,2.03,0.04,-5.88,3.54,8.86,2.22,0.69,-3.59,5.38
14,France,BPC,Oral Care,Toothpaste,129.57,129.36,130.18,122.83,511.94,142.64,122.42,131.88,123.43,520.38,131.32,131.99,130.81,123.98,131.09,127.66,133.19,125.56,131.32,131.99,130.72,123.38,130.79,126.39,131.82,124.53,131.32,131.99,130.23,122.53,134.03,129.35,131.17,123.33,107.93,-1.73,1.55,-0.44,1.09,-0.12,-2.33,0.89,-0.57,0.31,-0.75,0.02,0.69,-0.83,1.16,0.35,-1.73,1.55,-0.44,1.09,-0.12,-2.33,0.89,-0.57,0.31,-0.75,0.02,0.69,-0.83,1.16,0.35
15,France,F&R,Food,Bouillon,32.9,23.96,21.18,36.64,114.68,38.16,27.07,22.37,40.2,127.8,36.74,25.14,22.34,34.0,32.6,25.12,21.29,33.98,36.74,25.14,22.34,34.02,32.51,25.16,21.31,33.99,36.74,25.14,22.34,34.17,33.29,25.91,22.05,35.25,28.77,-6.71,-1.88,-7.51,-1.47,-4.41,-6.8,-1.89,-7.49,-1.5,-4.46,-4.32,1.4,-7.38,1.58,-1.59,-6.71,-1.88,-7.51,-1.47,-4.41,-6.8,-1.89,-7.49,-1.5,-4.46,-4.32,1.4,-7.38,1.58,-1.59
16,France,F&R,Food,Mayonnaise,42.0,54.91,56.65,43.15,196.71,46.64,59.87,58.5,46.9,211.91,46.05,57.74,58.33,45.2,46.21,58.75,59.02,45.23,46.05,57.74,58.33,45.2,46.35,58.74,59.02,45.22,46.05,57.74,58.03,45.47,46.52,59.37,60.2,46.69,239.43,1.13,0.7,-2.17,6.36,0.91,1.26,0.68,-2.17,6.42,0.97,2.02,3.28,-2.18,8.17,2.65,1.13,0.7,-2.17,6.36,0.91,1.26,0.68,-2.17,6.42,0.97,2.02,3.28,-2.18,8.17,2.65
17,France,F&R,Food,Total,74.9,78.87,77.83,79.79,311.39,84.8,86.94,80.87,87.1,339.71,82.79,82.88,80.67,79.2,78.81,83.87,80.31,79.21,82.79,82.88,80.67,79.22,78.86,83.9,80.33,79.21,82.79,82.88,80.37,79.64,79.81,85.28,82.25,81.94,268.2,-1.8,-0.21,-4.18,3.47,-1.02,-1.75,-0.22,-4.17,3.5,-1.0,-0.35,2.62,-4.14,5.75,1.11,0.29,0.42,-2.74,5.52,0.34,0.4,0.4,-2.74,5.57,0.39,1.34,3.08,-2.74,7.46,2.2
18,France,F&R,Ice Cream,ICE CREAM,125.27,369.95,543.24,165.23,1203.69,134.49,447.03,551.54,188.61,1321.66,144.68,444.29,498.59,189.7,136.89,467.16,550.01,187.81,144.68,444.29,498.59,189.65,146.1,472.42,552.92,187.75,144.68,444.29,499.84,189.52,139.04,482.4,575.78,196.36,240.59,2.56,7.2,-3.36,11.48,5.06,5.02,7.62,-3.36,12.92,6.42,5.51,12.01,-3.28,15.77,9.01,2.56,7.2,-3.36,11.48,5.06,5.02,7.62,-3.36,12.92,6.42,5.51,12.01,-3.28,15.77,9.01
19,France,HC,Home & Hygiene,Cleaners-Sprays & Wipes,118.56,118.03,127.89,111.4,475.88,151.96,155.26,153.44,141.78,602.45,143.29,141.51,148.3,131.89,139.79,142.6,148.66,132.17,143.29,141.51,148.31,132.0,140.96,142.92,148.8,132.28,143.29,141.51,148.38,132.22,138.54,140.78,149.36,132.98,27.24,-0.85,0.23,-6.22,18.35,-0.31,-0.32,0.27,-6.2,18.72,-0.03,-1.92,0.62,-6.15,18.02,-0.66,-0.85,0.23,-6.22,18.35,-0.31,-0.32,0.27,-6.2,18.72,-0.03,-1.92,0.62,-6.15,18.02,-0.66
20,France,HC,Home & Hygiene,MDW,117.05,108.23,111.68,111.65,448.61,124.23,119.8,126.25,124.58,494.87,133.45,133.34,128.54,121.8,124.93,121.89,123.76,121.99,133.45,133.34,128.54,121.79,128.25,121.55,123.41,121.96,133.45,133.34,128.54,123.58,121.0,122.18,124.57,123.88,116.41,-7.49,-1.83,4.5,9.8,-4.75,-6.37,-1.98,4.5,10.38,-4.24,-8.85,-1.45,4.86,9.59,-5.26,-7.49,-1.83,4.5,9.8,-4.75,-6.37,-1.98,4.5,10.38,-4.24,-8.85,-1.45,4.86,9.59,-5.26
21,France,HC,Home & Hygiene,Total,235.61,226.26,239.57,223.05,924.49,276.19,275.06,279.69,266.36,1097.32,276.74,274.85,276.84,253.69,264.72,264.49,272.42,254.16,276.74,274.85,276.85,253.79,269.21,264.47,272.21,254.24,276.74,274.85,276.92,255.8,259.54,262.96,273.93,256.86,143.65,-4.06,-0.74,-1.39,14.2,-2.43,-3.25,-0.79,-1.38,14.67,-2.04,-5.27,-0.36,-1.19,13.93,-2.86,-6.23,-1.44,2.47,11.42,-3.91,-5.22,-1.55,2.47,11.96,-3.44,-7.54,-1.06,2.77,11.19,-4.39
22,France,BPC,Total,Total,251.79,262.51,270.98,239.8,1025.07,260.83,232.16,265.12,228.54,986.65,234.21,252.25,260.2,238.87,250.31,255.16,266.9,243.8,234.21,252.25,260.11,237.28,241.32,250.57,265.95,238.63,234.21,252.25,259.62,239.48,250.89,255.4,263.1,243.22,196.62,3.91,2.33,-0.11,-0.87,3.11,1.12,1.45,-0.28,-2.79,1.28,4.08,1.45,-0.11,-1.22,2.75,3.82,2.27,-0.13,-0.67,2.95,1.06,1.4,-0.29,-2.48,1.19,4.01,1.38,-0.14,-0.98,2.62
23,France,F&R,Total,Total,200.17,448.82,621.07,245.02,1515.08,219.29,533.97,632.41,275.71,1661.37,227.47,527.17,579.26,268.9,215.7,551.03,630.32,267.02,227.47,527.17,579.26,268.87,224.96,556.32,633.25,266.96,227.47,527.17,580.21,269.16,218.85,567.68,658.03,278.3,508.79,1.6,5.8,-3.53,9.83,3.82,3.53,6.14,-3.53,10.98,4.91,4.23,10.24,-3.45,13.71,7.41,1.36,3.63,-3.03,8.34,2.57,2.58,3.82,-3.03,9.05,3.24,3.31,7.3,-2.99,11.39,5.42
24,France,HC,Total,Total,235.61,226.26,239.57,223.05,924.49,276.19,275.06,279.69,266.36,1097.32,276.74,274.85,276.84,253.69,264.72,264.49,272.42,254.16,276.74,274.85,276.85,253.79,269.21,264.47,272.21,254.24,276.74,274.85,276.92,255.8,259.54,262.96,273.93,256.86,143.65,-4.06,-0.74,-1.39,14.2,-2.43,-3.25,-0.79,-1.38,14.67,-2.04,-5.27,-0.36,-1.19,13.93,-2.86,-6.23,-1.44,2.47,11.42,-3.91,-5.22,-1.55,2.47,11.96,-3.44,-7.54,-1.06,2.77,11.19,-4.39
25,France,Total,Total,Total,687.57,937.59,1131.62,707.87,3464.64,756.31,1041.19,1177.22,770.61,3745.34,738.42,1054.27,1116.3,761.46,730.73,1070.68,1169.64,764.98,738.42,1054.27,1116.22,759.94,735.49,1071.36,1171.41,759.83,738.42,1054.27,1116.75,764.44,729.28,1086.04,1195.06,778.38,849.06,0.49,3.03,-2.0,7.83,1.79,0.79,2.94,-2.04,7.89,1.89,1.26,4.9,-1.91,9.35,3.13,0.65,2.46,-1.43,6.77,1.56,0.91,2.35,-1.47,6.87,1.63,1.64,4.52,-1.36,8.49,3.11
26,Germany,F&R,Food,Bouillon,52.83,36.69,38.0,56.24,183.77,62.84,42.79,40.29,61.01,206.93,56.68,39.72,40.85,62.95,60.11,43.04,41.33,62.75,56.68,39.72,40.93,62.73,60.66,44.09,42.56,63.83,56.68,39.72,40.85,62.95,60.57,43.6,41.83,63.58,71.0,6.99,0.27,-3.25,12.77,3.51,8.66,2.64,-3.32,14.9,5.54,8.06,1.56,-3.25,14.05,4.69,6.99,0.27,-3.25,12.77,3.51,8.66,2.64,-3.32,14.9,5.54,8.06,1.56,-3.25,14.05,4.69
27,Germany,F&R,Food,Dry Sauces,52.7,51.23,42.11,57.17,203.2,58.73,55.39,42.47,62.8,219.41,57.68,50.78,46.12,57.37,54.26,50.89,43.51,56.05,57.68,50.78,46.15,58.76,56.39,52.36,44.13,56.14,57.68,50.78,46.12,57.37,55.04,51.41,44.2,57.26,87.87,-3.04,-3.79,-3.4,0.74,-3.41,0.27,-4.42,-2.75,2.86,-2.04,-1.85,-1.96,-3.4,2.32,-1.9,-3.04,-3.79,-3.4,0.74,-3.41,0.27,-4.42,-2.75,2.86,-2.04,-1.85,-1.96,-3.4,2.32,-1.9
28,Germany,F&R,Food,Mayonnaise & Salad Cream,37.1,47.17,43.36,43.76,171.38,43.68,56.61,47.42,51.33,199.04,49.02,55.66,53.33,52.25,50.3,55.26,48.7,47.5,49.02,55.66,53.33,52.69,50.23,55.1,48.48,47.28,49.02,55.66,53.33,52.25,50.42,56.47,50.14,48.84,38.71,0.83,-8.88,5.64,17.72,-4.05,0.61,-9.68,5.86,17.33,-4.56,2.11,-6.25,5.64,20.12,-2.09,0.83,-8.88,5.64,17.72,-4.05,0.61,-9.68,5.86,17.33,-4.56,2.11,-6.25,5.64,20.12,-2.09
29,Germany,F&R,Food,Mini-Meals,59.08,51.17,60.78,60.5,231.53,69.25,58.36,64.66,65.68,257.95,73.5,65.78,67.77,69.92,70.66,60.44,65.02,63.28,73.5,65.78,64.95,67.22,68.71,58.54,62.26,60.72,73.5,65.78,64.94,67.5,69.48,60.87,65.64,65.06,32.26,-5.87,-6.81,7.37,12.04,-6.34,-8.64,-6.96,5.24,8.08,-7.82,-6.41,-1.31,5.34,12.75,-3.92,-5.87,-6.81,7.37,12.04,-6.34,-8.64,-6.96,5.24,8.08,-7.82,-6.41,-1.31,5.34,12.75,-3.92
30,Germany,F&R,Food,Total,201.71,186.26,184.25,217.67,789.88,234.5,213.15,194.84,240.82,883.33,236.88,211.94,208.07,242.49,235.33,209.63,198.56,229.58,236.88,211.94,205.36,241.4,235.99,210.09,197.43,227.97,236.88,211.94,205.24,240.07,235.51,212.35,201.81,234.74,229.84,-0.86,-4.97,1.82,10.54,-2.92,-0.61,-4.78,1.39,10.33,-2.69,-0.21,-1.96,1.22,11.97,-1.08,0.31,-3.82,-0.32,8.9,-1.79,1.67,-3.48,-0.35,9.75,-0.93,1.24,-1.5,-0.6,10.41,-0.18
31,Germany,F&R,Total,Total,201.71,186.26,184.25,217.67,789.88,234.5,213.15,194.84,240.82,883.33,236.88,211.94,208.07,242.49,235.33,209.63,198.56,229.58,236.88,211.94,205.36,241.4,235.99,210.09,197.43,227.97,236.88,211.94,205.24,240.07,235.51,212.35,201.81,234.74,229.84,-0.86,-4.97,1.82,10.54,-2.92,-0.61,-4.78,1.39,10.33,-2.69,-0.21,-1.96,1.22,11.97,-1.08,0.31,-3.82,-0.32,8.9,-1.79,1.67,-3.48,-0.35,9.75,-0.93,1.24,-1.5,-0.6,10.41,-0.18
32,Germany,Total,Total,Total,201.71,186.26,184.25,217.67,789.88,234.5,213.15,194.84,240.82,883.33,236.88,211.94,208.07,242.49,235.33,209.63,198.56,229.58,236.88,211.94,205.36,241.4,235.99,210.09,197.43,227.97,236.88,211.94,205.24,240.07,235.51,212.35,201.81,234.74,229.84,-0.86,-4.97,1.82,10.54,-2.92,-0.61,-4.78,1.39,10.33,-2.69,-0.21,-1.96,1.22,11.97,-1.08,0.31,-3.82,-0.32,8.9,-1.79,1.67,-3.48,-0.35,9.75,-0.93,1.24,-1.5,-0.6,10.41,-0.18
33,India,BPC,Hair Care,Conditioners,20.71,22.09,21.38,20.98,85.15,20.26,12.07,17.1,17.48,66.91,18.42,17.66,18.91,19.3,21.95,22.87,21.65,21.28,18.42,17.66,18.8,16.18,18.56,20.84,18.77,20.67,18.42,17.66,18.86,19.04,22.07,23.16,21.93,21.57,56.75,24.22,12.38,11.03,3.06,18.13,9.18,12.75,6.22,-7.41,10.94,25.31,14.75,10.58,4.18,19.9,24.22,12.38,11.03,3.06,18.13,9.18,12.75,6.22,-7.41,10.94,25.31,14.75,10.58,4.18,19.9
34,India,BPC,Hair Care,Shampoo,219.42,231.45,231.59,222.74,905.2,218.98,169.32,218.8,219.28,826.38,222.28,219.4,225.43,224.01,231.95,241.37,240.47,235.24,222.28,219.4,225.13,215.02,220.1,232.87,229.08,233.31,222.28,219.4,229.61,229.36,237.88,238.56,251.48,250.79,415.36,7.16,5.85,7.83,4.84,6.5,2.56,5.05,6.71,1.12,3.8,7.87,9.44,8.99,8.12,8.67,7.16,5.85,7.83,4.84,6.5,2.56,5.05,6.71,1.12,3.8,7.87,9.44,8.99,8.12,8.67
35,India,BPC,Hair Care,Total,240.13,253.54,252.97,243.72,990.35,239.24,181.39,235.9,236.76,893.29,240.7,237.06,244.34,243.31,253.9,264.24,262.12,256.52,240.7,237.06,243.93,231.2,238.66,253.71,247.85,253.98,240.7,237.06,248.47,248.4,259.95,261.72,273.41,272.36,472.11,8.45,6.36,8.07,4.69,7.39,3.06,5.62,6.67,0.39,4.34,9.19,9.84,9.11,7.78,9.52,9.21,6.63,8.21,4.63,7.9,3.36,5.98,6.65,0.09,4.66,9.97,10.08,9.18,7.65,10.02
36,India,BPC,Oral Care,Toothpaste,299.41,298.26,302.45,299.73,1199.85,300.7,250.46,318.92,328.73,1198.81,334.1,336.63,333.23,324.47,330.16,335.22,325.16,317.1,334.1,336.63,331.84,320.77,326.1,329.46,321.5,310.63,334.1,336.63,335.21,328.05,335.42,341.73,332.53,324.25,129.19,-0.8,-2.35,10.81,8.98,-1.56,-2.26,-3.14,10.39,7.32,-2.69,0.96,-0.98,11.28,11.17,-0.0,-0.8,-2.35,10.81,8.98,-1.56,-2.26,-3.14,10.39,7.32,-2.69,0.96,-0.98,11.28,11.17,-0.0
37,India,BPC,Skin Care,Face Cleansing,82.52,91.01,88.15,89.41,351.09,83.22,53.08,81.41,83.6,301.31,83.27,75.65,82.84,86.33,88.93,93.29,91.39,93.45,83.27,75.65,82.34,81.11,83.63,87.98,83.68,89.63,83.27,75.65,82.62,85.69,88.79,92.33,89.74,92.01,116.06,14.67,9.26,8.89,4.55,11.88,7.99,6.03,6.99,-1.76,7.0,13.97,7.99,8.6,3.35,10.89,14.67,9.26,8.89,4.55,11.88,7.99,6.03,6.99,-1.76,7.0,13.97,7.99,8.6,3.35,10.89
38,India,BPC,Skin Care,Face Moisturizer,197.55,177.99,159.38,195.65,730.57,190.88,107.69,152.6,183.9,635.06,181.78,144.58,150.5,185.79,197.41,175.24,160.97,196.28,181.78,144.58,149.58,180.3,187.86,165.95,152.34,192.19,181.78,144.58,149.97,193.83,192.87,159.98,158.1,202.78,250.7,14.18,6.23,4.34,-0.09,10.15,8.41,4.44,3.34,-4.41,6.41,8.12,4.97,5.53,-2.31,6.5,14.18,6.23,4.34,-0.09,10.15,8.41,4.44,3.34,-4.41,6.41,8.12,4.97,5.53,-2.31,6.5
39,India,BPC,Skin Care,Hand & Body care,134.71,75.39,53.71,121.69,385.49,124.02,52.65,63.88,133.14,373.69,128.32,69.09,54.99,123.71,129.76,77.98,59.19,129.25,128.32,69.09,54.36,119.72,128.05,75.63,56.74,126.9,128.32,69.09,54.79,123.6,129.6,77.59,58.56,128.68,0.0,5.24,5.45,0.65,2.77,5.34,3.18,5.49,-0.59,0.47,4.26,4.95,4.96,0.57,2.32,4.96,5.24,5.45,0.65,2.77,5.34,3.18,5.49,-0.59,0.47,4.26,4.95,4.96,0.57,2.32,4.96
40,India,BPC,Skin Care,Total,414.78,344.39,301.24,406.75,1467.15,398.12,213.42,297.89,400.64,1310.06,393.37,289.32,288.33,395.83,416.1,346.51,311.55,418.98,393.37,289.32,286.28,381.13,399.54,329.56,292.76,408.72,393.37,289.32,287.38,403.12,411.26,329.9,306.4,423.47,366.76,11.71,6.78,4.34,1.77,9.24,6.8,5.1,3.06,-2.49,5.96,8.57,5.7,4.82,0.26,7.13,14.34,7.19,5.78,1.38,10.7,8.28,4.94,4.5,-3.57,6.6,9.97,5.93,6.5,-0.52,7.89
41,India,BPC,Skin Cleansing,Toilet soap bars,541.09,577.51,580.84,543.23,2242.67,510.29,475.23,580.83,573.95,2140.3,541.1,557.37,594.97,579.51,566.85,599.01,614.68,595.4,541.1,557.37,596.42,573.75,557.52,592.45,607.54,596.09,541.1,557.37,598.17,575.51,719.12,783.8,801.2,781.17,762.46,6.13,3.03,6.2,5.94,4.53,4.69,2.86,6.0,4.95,3.74,36.82,34.82,6.16,37.57,35.79,6.13,3.03,6.2,5.94,4.53,4.69,2.86,6.0,4.95,3.74,36.82,34.82,6.16,37.57,35.79
42,India,F&R,Food,Nutrition-Adults,37.92,38.54,41.12,39.65,157.23,37.36,33.62,43.75,44.02,158.75,42.43,45.04,47.51,46.35,46.77,48.48,48.97,48.52,42.43,45.04,47.42,45.87,46.02,47.76,47.9,48.04,42.43,45.04,47.65,46.61,47.08,48.77,49.47,49.02,0.0,8.9,3.86,14.22,22.58,6.29,7.22,2.84,13.85,20.66,4.96,9.6,4.5,14.46,23.61,6.95,8.9,3.86,14.22,22.58,6.29,7.22,2.84,13.85,20.66,4.96,9.6,4.5,14.46,23.61,6.95
43,India,F&R,Food,Nutrition-Kids,118.2,116.49,125.42,124.34,484.44,120.8,99.47,121.39,121.48,463.13,120.54,121.54,131.28,129.86,131.63,132.99,134.71,134.22,120.54,121.54,130.62,128.32,128.21,129.52,131.06,131.83,120.54,121.54,131.61,130.35,132.41,134.12,135.24,133.13,0.0,9.31,2.98,8.65,10.14,6.03,6.46,1.52,8.18,7.47,3.91,10.1,2.45,8.83,10.42,6.13,9.31,2.98,8.65,10.14,6.03,6.46,1.52,8.18,7.47,3.91,10.1,2.45,8.83,10.42,6.13
44,India,F&R,Food,Nutrition-Toddler,21.95,22.24,23.3,21.55,89.04,20.36,17.39,20.31,18.58,76.64,18.84,19.24,19.66,19.4,19.62,20.01,20.12,19.91,18.84,19.24,19.62,19.03,19.17,19.62,19.81,19.71,18.84,19.24,19.68,19.45,19.58,20.05,20.23,20.02,0.0,4.07,2.52,0.65,-10.52,3.28,1.87,2.23,0.12,-12.05,2.05,4.07,2.85,0.76,-10.28,3.45,4.07,2.52,0.65,-10.52,3.28,1.87,2.23,0.12,-12.05,2.05,4.07,2.85,0.76,-10.28,3.45
45,India,F&R,Food,Total,178.07,177.27,189.84,185.54,730.71,178.52,150.48,185.45,184.08,698.52,181.81,185.82,198.45,195.61,198.02,201.48,203.8,202.65,181.81,185.82,197.66,193.22,193.4,196.9,198.77,199.58,181.81,185.82,198.94,196.41,199.07,202.94,204.94,202.17,0.0,8.67,3.14,9.04,10.3,5.81,6.17,1.91,8.59,7.93,3.97,9.36,2.98,9.23,10.73,6.05,8.67,3.14,9.04,10.3,5.81,6.17,1.91,8.59,7.93,3.97,9.36,2.98,9.23,10.73,6.05
46,India,F&R,Instant Coffee,Instant Coffee,59.05,50.81,54.19,59.21,223.25,64.24,46.28,56.95,64.99,232.47,69.98,61.84,65.53,67.26,67.62,62.44,66.74,70.5,69.98,61.84,65.53,67.27,67.27,62.34,65.51,70.7,69.98,61.84,65.53,67.24,70.26,64.43,66.55,73.23,0.0,-1.33,3.36,13.82,19.73,1.02,-1.67,2.57,13.83,19.07,0.45,2.18,5.27,13.81,22.94,3.73,-1.33,3.36,13.82,19.73,1.02,-1.67,2.57,13.83,19.07,0.45,2.18,5.27,13.81,22.94,3.73
47,India,F&R,Tea,Tea,480.33,462.64,471.5,481.41,1895.89,492.06,434.38,500.11,551.03,1977.57,580.53,559.38,560.45,577.48,613.59,597.62,594.63,604.09,580.53,559.38,560.03,570.49,603.13,584.08,582.37,601.29,580.53,559.38,582.82,584.91,609.26,587.52,604.9,619.74,565.68,6.26,5.34,15.18,27.11,5.8,4.15,4.7,14.81,25.05,4.42,4.99,4.87,16.69,27.72,4.93,6.26,5.34,15.18,27.11,5.8,4.15,4.7,14.81,25.05,4.42,4.99,4.87,16.69,27.72,4.93
48,India,HC,Fabric Solution,Detergent Bar,247.88,254.66,255.79,253.74,1012.08,248.67,209.28,255.22,258.72,971.88,254.64,252.35,259.39,260.54,263.73,270.66,270.63,271.04,254.64,252.35,259.15,255.98,257.67,266.38,266.2,269.19,254.64,252.35,262.99,270.02,273.58,281.29,281.37,281.82,371.82,5.4,4.18,5.66,6.32,4.78,3.37,3.93,5.17,4.68,3.65,9.44,5.66,7.01,10.47,7.51,5.4,4.18,5.66,6.32,4.78,3.37,3.93,5.17,4.68,3.65,9.44,5.66,7.01,10.47,7.51
49,India,HC,Fabric Solution,Washing Powder/Liquids,595.47,598.21,595.86,602.3,2391.84,617.25,537.02,609.7,626.36,2390.33,644.45,630.65,645.29,652.59,673.5,675.77,666.83,679.56,644.45,630.65,644.63,641.52,660.84,665.38,655.7,674.95,644.45,630.65,654.55,690.8,707.55,713.4,704.52,717.8,898.09,5.82,3.74,7.64,12.7,4.77,4.01,3.46,7.15,11.08,3.73,11.44,5.72,9.63,18.87,8.5,5.82,3.74,7.64,12.7,4.77,4.01,3.46,7.15,11.08,3.73,11.44,5.72,9.63,18.87,8.5
50,India,HC,Fabric Solution,Total,843.35,852.87,851.65,856.04,3403.92,865.92,746.3,864.92,885.08,3362.21,899.09,883.0,904.68,913.13,937.23,946.43,937.46,950.6,899.09,883.0,903.78,897.5,918.51,931.76,921.9,944.14,899.09,883.0,917.54,960.82,981.13,994.69,985.89,999.62,1269.9,5.7,3.86,7.07,10.8,4.77,3.83,3.6,6.58,9.18,3.71,10.87,5.7,8.87,16.38,8.22,5.7,3.87,7.06,10.83,4.77,3.82,3.6,6.57,9.21,3.71,10.85,5.7,8.86,16.41,8.21
51,India,HC,Home & Hygiene,Dishwash,105.42,104.34,108.6,109.48,427.84,110.86,90.86,117.76,123.7,443.18,124.29,124.94,126.69,128.02,129.24,129.73,131.29,132.61,124.29,124.94,126.57,127.15,128.03,128.76,130.14,132.25,124.29,124.94,126.89,128.27,129.37,130.04,131.5,133.0,214.49,3.91,3.61,13.71,22.21,3.76,3.04,3.42,13.49,21.35,3.23,4.08,3.66,13.81,22.45,3.87,3.91,3.61,13.71,22.21,3.76,3.04,3.42,13.49,21.35,3.23,4.08,3.66,13.81,22.45,3.87
52,India,HC,Home & Hygiene,Toilet Cleaners,32.58,35.12,37.46,36.71,141.87,35.4,29.81,39.46,40.33,145.0,36.41,36.75,39.49,40.66,39.48,40.61,42.39,42.48,36.41,36.75,39.58,40.34,38.74,39.85,41.77,42.43,36.41,36.75,39.37,40.14,39.07,40.16,42.01,42.53,10.2,9.48,5.88,5.73,16.27,7.6,7.41,5.35,5.57,14.74,6.34,8.3,6.32,5.29,15.44,7.27,9.48,5.88,5.73,16.27,7.6,7.41,5.35,5.57,14.74,6.34,8.3,6.32,5.29,15.44,7.27
53,India,HC,Home & Hygiene,Total,138.0,139.46,146.06,146.19,569.71,146.26,120.67,157.22,164.03,588.18,160.7,161.69,166.18,168.68,168.72,170.34,173.68,175.09,160.7,161.69,166.15,167.49,166.77,168.61,171.91,174.68,160.7,161.69,166.26,168.41,168.44,170.2,173.51,175.53,224.69,5.17,4.15,11.74,20.73,4.65,4.03,3.88,11.54,19.71,3.96,5.04,4.3,11.71,20.71,4.66,4.16,3.71,13.35,21.94,3.93,3.24,3.51,13.13,21.05,3.37,4.27,3.78,13.42,22.13,4.02
54,India,BPC,Total,Total,1495.41,1473.7,1437.5,1493.43,5900.02,1448.35,1120.5,1433.54,1540.08,5542.46,1509.27,1420.38,1460.87,1543.12,1567.01,1544.98,1513.51,1588.0,1509.27,1420.38,1458.47,1506.85,1521.82,1505.18,1469.65,1569.42,1509.27,1420.38,1469.23,1555.08,1725.75,1717.15,1713.54,1801.25,1730.51,6.22,3.25,7.06,5.31,4.72,3.32,2.49,6.36,2.81,2.9,17.52,16.22,7.42,17.93,16.86,8.19,4.49,7.0,4.84,6.3,4.57,3.7,6.19,2.0,4.12,21.13,19.27,7.44,19.36,20.17
55,India,F&R,Total,Total,717.45,690.72,715.53,726.16,2849.85,734.82,631.14,742.51,800.1,2908.56,832.32,807.04,824.43,840.35,879.23,861.54,865.17,877.24,832.32,807.04,823.22,830.98,863.8,843.32,846.65,871.57,832.32,807.04,847.29,848.56,878.59,854.89,876.39,895.14,565.68,6.19,4.66,13.6,22.22,5.42,4.13,3.87,13.24,20.19,4.0,5.74,4.46,14.67,22.99,5.09,6.26,5.34,15.18,27.11,5.8,4.15,4.7,14.81,25.05,4.42,4.99,4.87,16.69,27.72,4.93
56,India,HC,Total,Total,981.35,992.33,997.71,1002.23,3973.63,1012.18,866.97,1022.14,1049.11,3950.39,1059.79,1044.69,1070.86,1081.81,1105.95,1116.77,1111.14,1125.69,1059.79,1044.69,1069.93,1064.99,1085.28,1100.37,1093.81,1118.82,1059.79,1044.69,1083.8,1129.23,1149.57,1164.89,1159.4,1175.15,1494.59,5.62,3.91,7.77,12.23,4.75,3.86,3.64,7.32,10.69,3.75,9.98,5.49,9.29,17.0,7.68,5.47,3.85,8.01,12.5,4.65,3.73,3.58,7.56,10.99,3.66,9.86,5.41,9.55,17.27,7.58
57,India,Total,Total,Total,3194.21,3156.75,3150.74,3221.82,12723.5,3195.35,2618.61,3198.19,3389.29,12401.41,3401.38,3272.11,3356.16,3465.28,3552.19,3523.29,3489.82,3590.93,3401.38,3272.11,3351.62,3402.82,3470.9,3448.87,3410.11,3559.81,3401.38,3272.11,3400.32,3532.87,3753.91,3736.93,3749.33,3871.54,3790.79,6.02,3.8,8.82,11.26,4.9,3.69,3.19,8.28,9.17,3.44,12.25,9.92,9.72,18.77,11.06,6.83,4.36,8.62,11.18,5.57,4.18,3.81,8.01,8.98,3.98,14.28,11.66,9.65,19.79,12.93
58,Indonesia,BPC,Deos,Deodorants,44.83,48.55,47.62,49.71,190.7,49.07,38.74,41.47,45.65,174.93,44.02,45.94,41.1,43.89,45.37,47.67,47.16,46.63,44.02,45.94,41.09,43.89,43.68,44.74,44.31,43.69,44.02,45.94,42.17,43.44,42.2,45.28,43.43,44.97,94.45,3.42,10.34,0.02,-2.03,6.78,-1.71,3.56,0.01,-7.49,0.85,-2.75,3.25,0.37,-7.77,0.17,3.42,10.34,0.02,-2.03,6.78,-1.71,3.56,0.01,-7.49,0.85,-2.75,3.25,0.37,-7.77,0.17
59,Indonesia,BPC,Hair Care,Post Wash,21.0,21.87,22.74,22.62,88.22,22.1,19.02,19.89,20.59,81.61,20.88,22.5,20.91,22.72,22.44,23.1,23.41,23.34,20.88,22.5,20.61,22.66,22.33,22.86,23.11,23.04,20.88,22.5,20.88,22.68,22.26,22.86,23.11,23.12,36.58,4.98,7.14,6.63,4.62,6.06,4.16,6.65,6.19,3.54,5.4,3.98,6.14,6.54,3.55,5.06,4.98,7.14,6.63,4.62,6.06,4.16,6.65,6.19,3.54,5.4,3.98,6.14,6.54,3.55,5.06
60,Indonesia,BPC,Hair Care,Shampoo,134.56,136.59,141.17,142.51,554.83,141.93,127.54,131.66,138.79,539.92,139.9,143.96,133.79,141.59,142.57,142.49,143.61,142.46,139.9,143.96,133.69,140.24,139.65,139.23,140.29,139.56,139.9,143.96,133.83,140.32,139.66,139.05,141.21,142.27,208.22,0.42,3.88,3.58,2.94,2.13,-1.75,2.16,3.31,0.7,0.17,-1.81,3.4,3.35,1.33,0.75,0.42,3.88,3.58,2.94,2.13,-1.75,2.16,3.31,0.7,0.17,-1.81,3.4,3.35,1.33,0.75
61,Indonesia,BPC,Hair Care,Total,155.56,158.46,163.91,165.13,643.05,164.03,146.56,151.55,159.38,621.53,160.78,166.46,154.7,164.31,165.01,165.59,167.02,165.8,160.78,166.46,154.3,162.9,161.98,162.09,163.4,162.6,160.78,166.46,154.71,163.0,161.92,161.91,164.32,165.39,244.8,1.03,4.33,3.98,3.17,2.66,-0.97,2.78,3.69,1.09,0.87,-1.04,3.78,3.77,1.63,1.33,1.1,4.37,4.04,3.19,2.72,-0.87,2.83,3.74,1.12,0.95,-0.94,3.81,3.83,1.66,1.39
62,Indonesia,BPC,Oral Care,Toothpaste,90.25,95.29,97.38,99.76,382.68,96.92,87.87,89.55,93.55,367.89,90.19,94.54,90.97,92.78,94.01,95.66,95.21,94.78,90.19,94.54,90.79,92.7,93.85,93.39,93.24,92.74,90.19,94.54,90.9,92.7,93.44,93.45,93.64,93.06,256.34,2.67,3.4,0.16,-0.79,3.03,1.36,1.36,0.09,-2.47,1.36,1.17,1.69,0.12,-2.38,1.43,2.67,3.4,0.16,-0.79,3.03,1.36,1.36,0.09,-2.47,1.36,1.17,1.69,0.12,-2.38,1.43
63,Indonesia,BPC,Skin Care,Face Cleanser,74.65,79.11,79.63,81.66,315.06,83.4,67.22,74.01,74.88,299.51,73.83,82.01,75.07,81.03,80.6,81.81,82.68,82.15,73.83,82.01,74.8,80.43,79.34,80.39,81.34,80.86,73.83,82.01,74.89,77.83,78.5,79.17,79.65,80.67,92.06,4.21,5.59,4.15,3.86,4.9,2.49,4.49,3.86,2.18,3.49,1.17,4.97,3.03,0.93,3.05,4.21,5.59,4.15,3.86,4.9,2.49,4.49,3.86,2.18,3.49,1.17,4.97,3.03,0.93,3.05
64,Indonesia,BPC,Skin Care,Face Moisturizer,48.2,51.56,57.48,55.62,212.86,53.36,36.71,40.08,42.8,172.96,43.79,48.02,40.7,50.63,51.25,52.04,55.33,55.69,43.79,48.02,40.26,49.25,49.84,51.85,55.16,55.49,43.79,48.02,40.97,49.29,47.94,48.99,54.37,63.73,46.99,12.51,21.56,5.89,0.68,17.02,10.76,23.63,4.83,-0.24,17.12,5.57,30.85,5.27,1.02,18.1,12.51,21.56,5.89,0.68,17.02,10.76,23.63,4.83,-0.24,17.12,5.57,30.85,5.27,1.02,18.1
65,Indonesia,BPC,Skin Care,Hand & Body,44.37,46.57,55.27,52.78,199.0,47.15,38.16,42.57,45.76,173.65,42.11,45.53,42.51,46.47,43.4,44.16,51.34,51.15,42.11,45.53,42.19,44.57,43.39,44.17,51.31,51.08,42.11,45.53,42.08,44.53,43.51,43.93,48.55,47.93,80.86,-0.09,15.2,1.7,-4.49,7.61,-0.08,18.02,0.43,-4.54,8.92,-0.23,11.4,0.34,-7.58,5.55,-0.09,15.2,1.7,-4.49,7.61,-0.08,18.02,0.43,-4.54,8.92,-0.23,11.4,0.34,-7.58,5.55
66,Indonesia,BPC,Skin Care,Total,167.22,177.24,192.38,190.06,726.92,183.91,142.09,156.66,163.44,646.12,159.73,175.56,158.28,178.13,175.25,178.01,189.35,188.99,159.73,175.56,157.25,174.25,172.57,176.41,187.81,187.43,159.73,175.56,157.94,171.65,169.95,172.09,182.57,192.33,219.92,5.36,12.47,3.96,0.64,8.92,4.08,13.2,3.2,-0.37,8.62,2.01,13.75,2.91,-1.37,7.83,4.4,12.54,3.62,0.11,8.49,3.31,13.55,2.81,-0.81,8.4,1.6,12.86,2.52,-2.18,7.18
67,Indonesia,BPC,Skin Cleansing,Skin Cleansing-Bar,92.51,94.08,96.92,99.64,383.15,96.98,88.22,87.75,92.8,365.75,93.26,97.61,89.41,97.43,103.19,105.97,107.22,112.62,93.26,97.61,87.87,95.53,93.85,94.72,95.0,96.68,93.26,97.61,89.41,97.43,99.87,102.99,105.5,110.56,133.6,9.58,17.66,3.27,11.97,13.58,-1.21,4.51,2.33,-0.76,1.59,6.28,15.64,3.27,9.34,10.91,9.58,17.66,3.27,11.97,13.58,-1.21,4.51,2.33,-0.76,1.59,6.28,15.64,3.27,9.34,10.91
68,Indonesia,BPC,Skin Cleansing,Skin Cleansing-Liquid,64.26,68.09,72.85,74.07,279.27,76.79,82.36,80.68,85.43,325.26,81.72,87.7,85.58,88.09,92.67,94.64,94.45,99.39,81.72,87.7,84.08,85.58,79.76,76.78,77.4,78.4,81.72,87.7,85.58,88.09,99.0,97.91,97.18,99.67,136.35,10.56,11.61,5.48,36.48,11.09,-7.6,-8.16,4.25,11.85,-7.88,16.23,13.35,5.48,41.0,14.77,10.56,11.61,5.48,36.48,11.09,-7.6,-8.16,4.25,11.85,-7.88,16.23,13.35,5.48,41.0,14.77
69,Indonesia,BPC,Skin Cleansing,Total,156.77,162.17,169.77,173.71,662.42,173.77,170.58,168.43,178.23,691.01,174.98,185.31,174.99,185.52,195.86,200.61,201.67,212.01,174.98,185.31,171.95,181.11,173.61,171.5,172.4,175.08,174.98,185.31,174.99,185.52,198.87,200.9,202.68,210.23,269.95,10.04,14.75,4.31,22.3,12.39,-4.21,-1.58,3.23,4.56,-2.91,10.96,14.54,4.31,22.69,12.75,10.07,14.6,4.39,24.35,12.32,-4.44,-1.89,3.3,5.61,-3.19,11.31,14.48,4.39,25.33,12.86
70,Indonesia,F&R,Food,Soy Sauce,66.41,73.25,71.22,69.66,280.55,71.98,75.17,71.17,75.81,294.12,76.56,80.27,74.01,74.87,76.16,79.39,77.03,75.34,76.56,80.27,73.41,74.57,74.72,77.38,75.17,74.23,76.56,80.27,74.48,75.13,75.75,80.68,75.56,76.9,1.77,-0.82,2.34,3.94,9.75,0.72,-3.02,0.97,3.63,7.47,-1.08,-0.26,1.9,4.19,10.1,0.8,-0.82,2.34,3.94,9.75,0.72,-3.02,0.97,3.63,7.47,-1.08,-0.26,1.9,4.19,10.1,0.8
71,Indonesia,F&R,Food,Tea,63.97,72.85,70.12,72.56,279.5,69.54,64.73,62.18,68.67,265.12,65.66,70.01,62.02,68.62,65.71,72.41,67.13,72.88,65.66,70.01,61.69,67.64,62.39,70.42,65.07,70.95,65.66,70.01,61.42,64.24,63.99,70.49,68.94,66.71,78.69,1.81,7.17,0.45,-0.49,4.44,-2.11,5.17,-0.05,-3.82,1.45,-0.87,7.95,-1.43,-3.35,3.37,1.81,7.17,0.45,-0.49,4.44,-2.11,5.17,-0.05,-3.82,1.45,-0.87,7.95,-1.43,-3.35,3.37
72,Indonesia,F&R,Food,Total,130.38,146.1,141.34,142.22,560.05,141.52,139.9,133.35,144.48,559.24,142.22,150.28,136.03,143.49,141.87,151.8,144.16,148.22,142.22,150.28,135.1,142.21,137.11,147.8,140.24,145.18,142.22,150.28,135.9,139.37,139.74,151.17,144.5,143.61,80.46,0.4,4.6,2.29,4.64,2.45,-2.59,2.93,1.89,1.84,0.09,-0.54,4.66,1.52,3.39,1.98,1.75,7.06,0.53,-0.27,4.36,-2.13,5.08,0.03,-3.57,1.39,-0.86,7.82,-1.31,-3.05,3.31
73,Indonesia,F&R,Ice Cream,Ice Cream,68.88,81.91,78.99,71.45,301.23,71.96,77.87,77.87,78.34,306.04,73.06,86.31,76.69,73.48,72.07,78.71,76.19,73.47,73.06,86.31,76.69,73.49,72.33,78.88,76.22,73.48,73.06,86.31,76.69,73.97,77.69,85.14,82.2,79.36,213.82,-5.39,-0.34,1.14,-0.26,-2.94,-5.12,-0.32,1.14,-0.11,-2.79,2.17,7.23,1.3,7.69,4.63,-5.39,-0.34,1.14,-0.26,-2.94,-5.12,-0.32,1.14,-0.11,-2.79,2.17,7.23,1.3,7.69,4.63
74,Indonesia,HC,Fabric Sensation,Fabric Sensation,66.7,66.87,67.34,66.87,267.79,71.05,63.8,64.44,68.5,267.79,70.47,72.56,67.71,69.13,70.53,71.02,69.86,71.14,70.47,72.56,67.66,68.61,68.68,68.94,67.79,69.2,70.47,72.56,68.23,69.11,70.55,74.68,69.53,71.21,104.62,-1.03,3.04,4.51,5.51,0.96,-3.78,0.53,4.3,2.55,-1.67,1.54,2.48,4.7,6.79,2.0,-1.03,3.04,4.51,5.51,0.96,-3.78,0.53,4.3,2.55,-1.67,1.54,2.48,4.7,6.79,2.0
75,Indonesia,HC,Fabric Solution,Fabric Solution,188.5,191.4,200.1,208.22,788.22,198.94,189.66,185.6,198.36,772.56,193.72,201.26,184.56,201.96,197.56,195.71,202.86,206.1,193.72,201.26,185.03,199.02,192.91,191.42,195.51,198.56,193.72,201.26,186.1,200.54,191.93,193.22,205.46,205.16,194.54,-0.43,5.81,1.16,1.78,2.65,-2.7,2.61,0.84,-1.25,-0.08,-2.49,6.2,1.17,0.96,1.81,-0.43,5.81,1.16,1.78,2.65,-2.7,2.61,0.84,-1.25,-0.08,-2.49,6.2,1.17,0.96,1.81
76,Indonesia,HC,Home & Hygiene,DWA,93.03,96.74,97.96,103.47,391.21,104.69,105.56,103.47,107.24,420.96,105.79,110.55,106.67,101.39,98.82,100.51,100.15,98.5,105.79,110.55,107.18,101.41,100.57,100.59,100.24,98.58,105.79,110.55,109.72,107.3,114.22,122.13,125.17,117.87,238.67,-7.86,-4.52,0.82,1.73,-6.22,-7.02,-4.68,0.94,2.24,-5.87,9.25,11.99,2.94,22.54,10.62,-7.86,-4.52,0.82,1.73,-6.22,-7.02,-4.68,0.94,2.24,-5.87,9.25,11.99,2.94,22.54,10.62
77,Indonesia,HC,Home & Hygiene,HHC,34.16,35.26,37.35,37.76,144.54,38.92,44.08,38.63,39.44,161.07,41.06,41.24,39.36,40.18,39.52,38.68,38.66,39.33,41.06,41.24,39.36,40.19,39.37,38.51,38.46,39.08,41.06,41.24,40.51,43.54,48.79,48.23,46.48,46.0,52.47,-4.98,-1.95,0.48,8.06,-3.49,-5.37,-2.52,0.49,7.53,-3.97,17.88,10.02,3.28,31.1,13.91,-4.98,-1.95,0.48,8.06,-3.49,-5.37,-2.52,0.49,7.53,-3.97,17.88,10.02,3.28,31.1,13.91
78,Indonesia,HC,Home & Hygiene,Total,127.19,132.0,135.31,141.23,535.75,143.61,149.64,142.1,146.68,582.03,146.85,151.79,146.03,141.57,138.34,139.19,138.81,137.83,146.85,151.79,146.54,141.6,139.94,139.1,138.7,137.66,146.85,151.79,150.23,150.84,163.01,170.36,171.65,163.87,291.14,-7.07,-3.81,0.72,3.44,-5.47,-6.56,-4.08,0.82,3.67,-5.35,11.63,11.44,3.04,24.85,11.53,-7.34,-4.06,0.76,2.87,-5.73,-6.72,-4.29,0.86,3.19,-5.53,10.81,11.63,3.0,24.08,11.21
79,Indonesia,BPC,Total,Total,614.63,641.71,671.06,678.37,2605.77,667.7,585.84,607.66,640.25,2501.48,629.7,667.81,620.04,664.63,675.5,687.54,700.41,708.21,629.7,667.81,615.38,654.85,645.69,648.13,661.16,661.54,629.7,667.81,620.71,656.31,666.38,673.63,686.64,705.98,1085.46,5.05,9.65,3.23,6.37,7.34,-0.28,4.13,2.65,0.41,1.9,3.27,9.05,2.92,4.87,6.14,4.57,8.86,2.77,6.43,6.7,-0.46,3.55,2.25,0.25,1.52,2.96,7.75,2.52,4.99,5.32
80,Indonesia,F&R,Total,Total,199.26,228.01,220.33,213.67,861.28,213.48,217.77,211.22,222.82,865.28,215.28,236.59,212.72,216.97,213.94,230.51,220.35,221.69,215.28,236.59,211.79,215.7,209.44,226.68,216.46,218.66,215.28,236.59,212.59,213.34,217.43,236.31,226.7,222.97,294.28,-1.64,2.87,1.88,2.93,0.56,-3.49,1.79,1.63,1.16,-0.92,0.42,5.57,1.45,4.89,2.92,-3.44,1.68,0.97,-0.26,-0.94,-4.3,1.16,0.84,-1.06,-1.65,1.34,7.39,0.59,4.75,4.27
81,Indonesia,HC,Total,Total,382.39,390.27,402.75,416.32,1591.76,413.6,403.1,392.14,413.54,1622.38,411.04,425.61,398.3,412.66,406.43,405.92,411.53,415.07,411.04,425.61,399.23,409.23,401.53,399.46,402.0,405.42,411.04,425.61,404.56,420.49,425.49,438.26,446.64,440.24,590.31,-2.9,1.93,1.55,2.97,-0.52,-4.26,-0.13,1.4,1.05,-2.23,3.24,7.49,2.42,9.98,5.35,-3.94,0.45,1.56,2.98,-1.78,-4.88,-1.16,1.46,1.62,-3.05,4.78,8.22,2.7,13.4,6.48
82,Indonesia,Total,Total,Total,1196.28,1259.99,1294.14,1308.36,5058.81,1294.78,1206.71,1211.02,1276.61,4989.14,1256.02,1330.01,1231.06,1294.26,1295.87,1323.97,1332.29,1344.97,1256.02,1330.01,1226.4,1279.78,1256.66,1274.27,1279.62,1285.62,1256.02,1330.01,1237.86,1290.14,1309.3,1348.2,1359.98,1369.19,1970.04,1.31,6.02,2.45,4.71,3.63,-2.13,2.36,2.07,0.74,0.08,2.76,7.96,2.5,6.48,5.33,0.82,5.27,2.14,4.4,3.02,-2.35,1.78,1.81,0.46,-0.32,3.26,7.84,2.29,7.48,5.51
83,Mexico,BPC,Deos,Deodorants,0.11,0.14,0.14,0.13,0.52,0.12,0.12,0.12,0.12,0.48,0.1,0.13,0.13,0.12,0.12,0.14,0.13,0.13,0.1,0.13,0.13,0.12,0.11,0.13,0.14,0.13,0.1,0.13,0.13,0.13,0.12,0.14,0.14,0.13,157.97,9.37,2.25,1.14,-0.95,5.64,7.88,2.82,1.17,-1.31,5.23,15.84,4.79,2.15,4.16,10.0,9.37,2.25,1.14,-0.95,5.64,7.88,2.82,1.17,-1.31,5.23,15.84,4.79,2.15,4.16,10.0
84,Mexico,BPC,Hair Care,Shampoo,0.14,0.15,0.16,0.15,0.59,0.15,0.15,0.16,0.15,0.61,0.14,0.16,0.16,0.15,0.15,0.17,0.17,0.16,0.14,0.16,0.16,0.15,0.15,0.17,0.17,0.16,0.14,0.16,0.16,0.15,0.17,0.18,0.18,0.16,132.98,4.78,5.19,2.53,10.15,4.99,3.69,5.66,2.51,9.82,4.69,12.38,9.16,2.43,16.07,10.74,4.78,5.19,2.53,10.15,4.99,3.69,5.66,2.51,9.82,4.69,12.38,9.16,2.43,16.07,10.74
85,Mexico,BPC,Skin Cleansing,Skin Cleansing,0.1,0.11,0.12,0.11,0.44,0.12,0.12,0.12,0.11,0.47,0.11,0.12,0.13,0.11,0.11,0.11,0.12,0.11,0.11,0.12,0.13,0.11,0.11,0.12,0.12,0.11,0.11,0.12,0.13,0.11,0.11,0.12,0.13,0.11,87.09,-1.65,-1.64,-1.13,2.46,-1.65,-0.63,-0.87,-0.99,3.54,-0.75,1.71,2.79,-1.17,6.5,2.27,-1.65,-1.64,-1.13,2.46,-1.65,-0.63,-0.87,-0.99,3.54,-0.75,1.71,2.79,-1.17,6.5,2.27
86,Mexico,F&R,Food,Boullion,0.05,0.05,0.06,0.05,0.22,0.06,0.06,0.06,0.06,0.23,0.06,0.06,0.06,0.06,0.06,0.06,0.06,0.06,0.06,0.06,0.06,0.06,0.06,0.06,0.06,0.06,0.06,0.06,0.06,0.06,0.06,0.06,0.06,0.06,141.52,-4.62,-1.49,3.62,6.21,-3.08,-3.51,-1.7,3.68,6.77,-2.62,-0.72,0.78,4.28,10.31,0.03,-4.62,-1.49,3.62,6.21,-3.08,-3.51,-1.7,3.68,6.77,-2.62,-0.72,0.78,4.28,10.31,0.03
87,Mexico,F&R,Food,Mayonnaise,0.08,0.08,0.08,0.08,0.32,0.09,0.09,0.09,0.09,0.35,0.09,0.09,0.09,0.09,0.09,0.09,0.1,0.09,0.09,0.09,0.09,0.09,0.09,0.09,0.1,0.09,0.09,0.09,0.09,0.09,0.11,0.11,0.11,0.1,50.18,3.52,3.37,3.95,16.5,3.45,2.83,3.2,4.0,16.07,3.02,20.94,17.0,4.19,34.26,18.95,3.52,3.37,3.95,16.5,3.45,2.83,3.2,4.0,16.07,3.02,20.94,17.0,4.19,34.26,18.95
88,Mexico,F&R,Food,Soups,0.02,0.02,0.02,0.02,0.09,0.03,0.03,0.02,0.03,0.11,0.03,0.03,0.03,0.03,0.03,0.03,0.03,0.03,0.03,0.03,0.03,0.03,0.03,0.03,0.03,0.03,0.03,0.03,0.03,0.03,0.03,0.03,0.03,0.03,39.94,1.59,-2.22,8.19,29.82,-0.37,4.92,-2.39,8.34,32.0,1.16,10.47,1.53,8.81,38.72,5.86,1.59,-2.22,8.19,29.82,-0.37,4.92,-2.39,8.34,32.0,1.16,10.47,1.53,8.81,38.72,5.86
89,Mexico,F&R,Food,Total,0.15,0.15,0.16,0.15,0.63,0.18,0.18,0.17,0.18,0.69,0.18,0.18,0.18,0.18,0.18,0.18,0.19,0.18,0.18,0.18,0.18,0.18,0.18,0.18,0.19,0.18,0.18,0.18,0.18,0.18,0.2,0.2,0.2,0.19,231.64,0.43,0.85,4.49,14.77,0.64,0.98,0.67,4.56,15.06,0.83,11.88,9.09,4.94,26.51,10.47,-1.79,-0.56,4.48,12.51,-1.2,-0.68,-0.76,4.55,13.13,-0.75,5.9,4.42,5.04,20.4,5.13
90,Mexico,F&R,Ice Cream,Ice Cream,0.06,0.11,0.1,0.06,0.33,0.07,0.13,0.1,0.07,0.37,0.08,0.12,0.11,0.07,0.08,0.13,0.11,0.07,0.08,0.12,0.11,0.07,0.08,0.13,0.11,0.07,0.08,0.12,0.11,0.07,0.08,0.13,0.11,0.07,217.7,1.43,-2.19,4.04,16.77,-0.29,4.23,-2.67,4.06,18.25,0.96,3.31,-0.58,4.32,19.13,1.46,1.43,-2.19,4.04,16.77,-0.29,4.23,-2.67,4.06,18.25,0.96,3.31,-0.58,4.32,19.13,1.46
91,Mexico,BPC,Total,Total,0.35,0.4,0.42,0.39,1.55,0.39,0.39,0.4,0.38,1.56,0.35,0.41,0.42,0.38,0.38,0.42,0.42,0.4,0.35,0.41,0.42,0.38,0.37,0.42,0.43,0.4,0.35,0.41,0.42,0.39,0.4,0.44,0.45,0.4,378.03,4.28,2.26,1.0,4.26,3.24,3.69,2.85,1.04,4.33,3.26,10.29,5.91,1.26,9.38,8.02,5.22,2.39,1.11,3.74,3.73,4.45,2.97,1.14,3.72,3.66,11.37,5.87,1.48,8.89,8.48
92,Mexico,F&R,Total,Total,0.21,0.26,0.26,0.21,0.96,0.25,0.31,0.27,0.25,1.06,0.26,0.3,0.29,0.25,0.26,0.31,0.3,0.25,0.26,0.3,0.29,0.25,0.26,0.31,0.3,0.25,0.26,0.3,0.29,0.25,0.28,0.33,0.31,0.26,449.33,0.79,-0.17,4.34,15.46,0.32,2.16,-0.45,4.39,16.15,0.87,8.79,5.85,4.72,23.99,7.34,-0.23,-1.35,4.27,14.57,-0.76,1.7,-1.68,4.31,15.61,0.08,4.65,2.0,4.69,19.78,3.35
93,Mexico,Total,Total,Total,0.56,0.66,0.68,0.6,2.51,0.64,0.7,0.67,0.63,2.62,0.61,0.71,0.71,0.63,0.64,0.73,0.72,0.65,0.61,0.71,0.71,0.63,0.63,0.73,0.73,0.65,0.61,0.71,0.71,0.64,0.68,0.77,0.76,0.66,827.37,2.81,1.29,2.34,8.51,2.04,3.04,1.53,2.39,8.81,2.28,9.65,5.89,2.66,14.92,7.74,2.26,0.36,2.82,9.62,1.29,2.95,0.44,2.87,10.18,1.72,7.72,3.77,3.23,14.81,5.7
94,Netherlands,BPC,Deos,DEODORANT,37.0,44.31,45.85,42.13,169.29,40.55,41.4,45.64,40.86,168.45,40.42,44.05,46.95,43.6,41.9,47.68,49.7,45.7,40.42,44.05,46.95,43.61,42.04,47.14,49.97,45.83,40.42,44.05,46.95,44.01,42.58,49.27,51.62,47.17,52.64,6.05,5.36,3.9,9.27,5.69,5.58,5.78,3.91,9.27,5.68,8.74,8.6,4.15,12.62,8.67,6.05,5.36,3.9,9.27,5.69,5.58,5.78,3.91,9.27,5.68,8.74,8.6,4.15,12.62,8.67
95,Netherlands,BPC,Hair Care,SHAMPOO,33.48,35.12,36.25,35.0,139.86,37.69,35.87,36.11,36.29,145.96,38.64,36.45,37.61,37.43,38.51,38.23,39.76,39.49,38.64,36.45,37.61,37.23,38.14,37.63,39.38,39.58,38.64,36.45,37.61,37.13,41.26,39.87,40.63,40.29,48.95,2.21,5.6,2.86,11.53,3.9,0.91,5.52,2.71,10.63,3.21,8.05,8.27,2.65,15.87,8.16,2.21,5.6,2.86,11.53,3.9,0.91,5.52,2.71,10.63,3.21,8.05,8.27,2.65,15.87,8.16
96,Netherlands,F&R,Food,MEAL SOLUTIONS,48.59,45.64,45.06,47.14,186.43,55.44,49.25,48.8,52.01,205.5,52.97,48.36,46.89,50.27,56.61,51.43,50.3,54.12,52.97,48.36,46.89,51.12,58.01,53.2,52.4,55.87,52.97,48.36,46.89,49.78,55.07,51.62,51.19,54.99,72.06,6.63,7.48,-3.41,13.97,7.04,9.75,10.47,-3.0,17.73,10.1,5.3,9.84,-3.65,14.19,7.51,6.63,7.48,-3.41,13.97,7.04,9.75,10.47,-3.0,17.73,10.1,5.3,9.84,-3.65,14.19,7.51
97,Netherlands,F&R,Food,MEAT,53.02,33.34,36.44,68.73,191.52,68.02,39.83,40.41,72.59,220.85,62.73,38.72,36.34,67.42,57.37,29.27,31.04,64.49,62.73,38.72,36.34,65.98,54.72,30.26,27.78,61.88,62.73,38.72,36.34,64.74,53.94,26.16,26.58,57.35,82.12,-14.59,-7.94,-7.08,-4.88,-11.23,-16.23,-12.36,-7.74,-8.82,-14.29,-21.04,-16.96,-8.3,-14.35,-19.0,-14.59,-7.94,-7.08,-4.88,-11.23,-16.23,-12.36,-7.74,-8.82,-14.29,-21.04,-16.96,-8.3,-14.35,-19.0
98,Netherlands,F&R,Food,MEAT SUBSTITUTES,39.89,39.44,39.8,53.52,172.64,55.29,52.94,53.06,65.78,227.07,62.93,60.25,54.51,64.47,64.17,61.41,60.04,69.15,62.93,60.25,54.51,64.68,63.42,61.75,61.37,70.34,62.93,60.25,54.51,63.65,61.28,58.17,57.33,66.03,0.0,1.94,8.58,6.65,47.57,5.2,1.62,10.5,6.74,48.79,5.98,-3.02,4.4,6.29,40.65,0.61,1.94,8.58,6.65,47.57,5.2,1.62,10.5,6.74,48.79,5.98,-3.02,4.4,6.29,40.65,0.61
99,Netherlands,F&R,Food,SOUP,66.07,54.78,53.26,72.95,247.05,77.35,54.95,54.68,75.15,262.13,70.14,57.44,54.28,71.5,67.63,49.88,48.67,67.69,70.14,57.44,54.28,71.53,67.27,49.68,47.72,66.45,70.14,57.44,54.28,72.02,65.07,49.58,50.07,69.07,71.33,-7.89,-7.49,-3.35,-5.34,-7.69,-8.32,-9.25,-3.34,-6.45,-8.79,-10.13,-5.67,-3.15,-5.37,-7.91,-7.89,-7.49,-3.35,-5.34,-7.69,-8.32,-9.25,-3.34,-6.45,-8.79,-10.13,-5.67,-3.15,-5.37,-7.91
100,Netherlands,F&R,Food,Total,207.57,173.2,174.56,242.34,797.64,256.1,196.97,196.95,265.53,915.55,248.77,204.77,192.02,253.66,245.78,191.99,190.05,255.45,248.77,204.77,192.02,253.31,243.42,194.89,189.27,254.54,248.77,204.77,192.02,250.19,235.36,185.53,185.17,247.44,225.51,-3.48,-0.04,-1.78,10.73,-1.77,-3.36,-0.34,-1.82,10.59,-1.86,-7.19,-2.17,-2.16,7.0,-4.71,-5.69,-2.87,-4.73,1.0,-4.27,-5.43,-4.08,-4.83,0.41,-4.76,-9.17,-4.83,-5.19,-2.39,-7.02
101,Netherlands,HC,Fabric Solution,FABRIC CLEANING,73.59,73.08,73.75,75.14,295.55,79.29,66.97,74.29,74.05,294.6,79.59,73.46,76.39,78.44,83.28,75.9,79.37,78.91,79.59,73.46,76.39,78.15,82.97,74.72,78.58,77.72,79.59,73.46,76.39,78.94,81.06,75.69,80.32,80.32,65.98,4.01,2.24,4.51,7.42,3.12,3.03,1.14,4.41,6.24,2.08,2.42,3.42,4.68,7.39,2.92,4.01,2.24,4.51,7.42,3.12,3.03,1.14,4.41,6.24,2.08,2.42,3.42,4.68,7.39,2.92
102,Netherlands,BPC,Total,Total,70.48,79.43,82.1,77.13,309.15,78.24,77.27,81.75,77.15,314.41,79.06,80.5,84.56,81.03,80.41,85.91,89.46,85.19,79.06,80.5,84.56,80.84,80.18,84.77,89.35,85.41,79.06,80.5,84.56,81.14,83.84,89.14,92.25,87.46,101.59,4.24,5.47,3.42,10.29,4.86,3.38,5.66,3.35,9.89,4.54,8.42,8.45,3.45,14.09,8.44,4.2,5.48,3.4,10.36,4.83,3.33,5.65,3.33,9.93,4.49,8.41,8.44,3.43,14.19,8.42
103,Netherlands,F&R,Total,Total,207.57,173.2,174.56,242.34,797.64,256.1,196.97,196.95,265.53,915.55,248.77,204.77,192.02,253.66,245.78,191.99,190.05,255.45,248.77,204.77,192.02,253.31,243.42,194.89,189.27,254.54,248.77,204.77,192.02,250.19,235.36,185.53,185.17,247.44,225.51,-3.48,-0.04,-1.78,10.73,-1.77,-3.36,-0.34,-1.82,10.59,-1.86,-7.19,-2.17,-2.16,7.0,-4.71,-5.69,-2.87,-4.73,1.0,-4.27,-5.43,-4.08,-4.83,0.41,-4.76,-9.17,-4.83,-5.19,-2.39,-7.02
104,Netherlands,HC,Total,Total,73.59,73.08,73.75,75.14,295.55,79.29,66.97,74.29,74.05,294.6,79.59,73.46,76.39,78.44,83.28,75.9,79.37,78.91,79.59,73.46,76.39,78.15,82.97,74.72,78.58,77.72,79.59,73.46,76.39,78.94,81.06,75.69,80.32,80.32,65.98,4.01,2.24,4.51,7.42,3.12,3.03,1.14,4.41,6.24,2.08,2.42,3.42,4.68,7.39,2.92,4.01,2.24,4.51,7.42,3.12,3.03,1.14,4.41,6.24,2.08,2.42,3.42,4.68,7.39,2.92
105,Netherlands,Total,Total,Total,351.64,325.71,330.41,394.61,1402.34,413.63,341.21,352.99,416.73,1524.56,407.42,358.73,352.97,413.13,409.47,353.8,358.88,419.55,407.42,358.73,352.97,412.3,406.57,354.38,357.2,417.67,407.42,358.73,352.97,410.27,400.26,350.36,357.74,415.22,393.08,-0.37,1.61,0.5,9.94,0.62,-0.68,1.26,0.45,9.52,0.29,-2.02,1.27,0.32,8.65,-0.38,-1.51,0.14,-1.08,4.5,-0.68,-1.74,-0.69,-1.17,3.85,-1.22,-2.68,-0.01,-1.3,3.54,-1.36
106,Philippines,BPC,Hair Care,Conditioners,64.5,69.6,66.95,64.74,265.79,64.86,51.2,47.83,48.61,212.49,49.54,55.31,52.41,61.38,65.39,70.26,69.02,69.47,49.54,55.31,52.43,60.39,57.33,57.7,65.29,69.66,49.54,55.31,52.45,60.39,63.67,67.95,67.8,68.94,0.0,29.38,21.71,2.89,3.14,25.38,9.72,19.62,2.44,-5.95,14.85,25.54,21.18,2.45,0.97,23.28,29.38,21.71,2.89,3.14,25.38,9.72,19.62,2.44,-5.95,14.85,25.54,21.18,2.45,0.97,23.28
107,Philippines,BPC,Hair Care,Shampoo,102.16,109.01,104.87,105.01,421.06,106.11,94.18,86.79,91.21,378.29,90.12,100.37,99.45,105.69,107.08,113.08,109.26,110.75,90.12,100.37,99.48,105.82,101.89,103.74,106.25,111.06,90.12,100.37,99.51,105.68,106.99,112.75,108.65,110.09,0.0,15.57,7.25,4.59,4.54,11.26,7.95,5.85,4.63,0.45,6.86,15.35,6.6,4.6,4.14,10.81,15.57,7.25,4.59,4.54,11.26,7.95,5.85,4.63,0.45,6.86,15.35,6.6,4.6,4.14,10.81
108,Philippines,BPC,Hair Care,Total,166.66,178.61,171.82,169.75,686.85,170.97,145.38,134.62,139.82,590.78,139.66,155.68,151.86,167.07,172.47,183.34,178.28,180.22,139.66,155.68,151.91,166.21,159.22,161.44,171.54,180.72,139.66,155.68,151.96,166.07,170.66,180.7,176.45,179.03,0.0,20.47,12.41,3.98,4.0,16.28,8.57,10.73,3.84,-2.03,9.69,18.97,11.77,3.83,2.91,15.24,20.47,12.41,3.98,4.0,16.28,8.57,10.73,3.84,-2.03,9.69,18.97,11.77,3.83,2.91,15.24
109,Philippines,HC,Fabric Solution,Fabric Solution,185.19,187.71,192.97,198.04,763.91,197.33,164.61,149.33,156.02,667.29,158.87,171.23,171.41,173.49,181.79,187.62,188.94,190.25,158.87,171.23,171.41,173.33,173.43,172.44,189.03,190.09,158.87,171.23,171.41,175.31,196.51,197.63,206.68,208.03,0.0,11.9,9.94,1.16,-2.01,10.9,4.78,9.97,1.13,-5.1,7.43,19.4,19.61,1.43,5.88,19.51,11.9,9.94,1.16,-2.01,10.9,4.78,9.97,1.13,-5.1,7.43,19.4,19.61,1.43,5.88,19.51
110,Philippines,BPC,Total,Total,166.66,178.61,171.82,169.75,686.85,170.97,145.38,134.62,139.82,590.78,139.66,155.68,151.86,167.07,172.47,183.34,178.28,180.22,139.66,155.68,151.91,166.21,159.22,161.44,171.54,180.72,139.66,155.68,151.96,166.07,170.66,180.7,176.45,179.03,0.0,20.47,12.41,3.98,4.0,16.28,8.57,10.73,3.84,-2.03,9.69,18.97,11.77,3.83,2.91,15.24,20.47,12.41,3.98,4.0,16.28,8.57,10.73,3.84,-2.03,9.69,18.97,11.77,3.83,2.91,15.24
111,Philippines,HC,Total,Total,185.19,187.71,192.97,198.04,763.91,197.33,164.61,149.33,156.02,667.29,158.87,171.23,171.41,173.49,181.79,187.62,188.94,190.25,158.87,171.23,171.41,173.33,173.43,172.44,189.03,190.09,158.87,171.23,171.41,175.31,196.51,197.63,206.68,208.03,0.0,11.9,9.94,1.16,-2.01,10.9,4.78,9.97,1.13,-5.1,7.43,19.4,19.61,1.43,5.88,19.51,11.9,9.94,1.16,-2.01,10.9,4.78,9.97,1.13,-5.1,7.43,19.4,19.61,1.43,5.88,19.51
112,Philippines,Total,Total,Total,351.85,366.32,364.79,367.79,1450.76,368.3,309.99,283.95,295.84,1258.07,298.53,326.91,323.27,340.56,354.26,370.96,367.22,370.47,298.53,326.91,323.32,339.54,332.65,333.88,360.57,370.81,298.53,326.91,323.37,341.38,367.17,378.33,383.13,387.06,0.0,15.95,11.12,2.48,0.84,13.47,6.57,10.34,2.4,-3.64,8.51,19.2,15.86,2.55,4.48,17.48,15.95,11.12,2.48,0.84,13.47,6.57,10.34,2.4,-3.64,8.51,19.2,15.86,2.55,4.48,17.48
113,South Africa,BPC,Deos,Deodorants,77.91,72.11,72.33,77.91,300.27,76.88,62.86,64.29,76.07,280.1,74.01,71.24,71.34,76.35,78.86,75.76,76.16,79.57,74.01,71.24,71.3,74.96,76.1,73.5,74.03,78.25,74.01,71.24,71.61,75.31,83.78,80.12,76.36,79.75,56.12,6.46,5.45,4.58,3.36,5.95,3.0,4.11,4.07,0.54,3.56,12.84,6.25,4.31,6.57,9.53,6.46,5.45,4.58,3.36,5.95,3.0,4.11,4.07,0.54,3.56,12.84,6.25,4.31,6.57,9.53
114,South Africa,BPC,Skin Care,Face care,39.53,38.9,43.5,44.36,166.29,42.86,43.03,45.39,48.49,179.78,44.99,47.17,45.37,46.47,44.87,44.32,44.95,45.46,44.99,47.17,45.39,46.53,45.96,45.66,46.06,47.09,44.99,47.17,45.42,46.63,45.1,44.65,45.3,46.73,12.79,-3.23,-1.56,2.35,8.0,-2.4,-0.58,1.35,2.39,11.12,0.38,-2.61,-0.01,2.46,9.32,-1.31,-3.23,-1.56,2.35,8.0,-2.4,-0.58,1.35,2.39,11.12,0.38,-2.61,-0.01,2.46,9.32,-1.31
115,South Africa,BPC,Skin Care,Hand & Body care,51.02,50.91,53.95,57.23,213.11,51.14,49.53,50.85,55.96,207.48,49.53,53.89,54.32,56.93,53.81,55.14,56.82,59.01,49.53,53.89,54.31,56.62,52.64,54.17,55.64,58.94,49.53,53.89,54.34,56.7,53.26,54.64,56.18,58.22,51.8,5.34,4.12,3.47,5.48,4.71,3.28,3.3,3.31,3.89,3.29,4.33,3.02,3.37,4.31,3.65,5.34,4.12,3.47,5.48,4.71,3.28,3.3,3.31,3.89,3.29,4.33,3.02,3.37,4.31,3.65
116,South Africa,BPC,Skin Care,Total,90.55,89.81,97.45,101.59,379.4,94.0,92.56,96.24,104.45,387.26,94.52,101.06,99.69,103.4,98.68,99.46,101.77,104.47,94.52,101.06,99.7,103.15,98.6,99.83,101.7,106.03,94.52,101.06,99.76,103.33,98.36,99.29,101.48,104.95,64.6,1.3,1.55,2.95,6.58,1.43,1.46,2.41,2.88,7.06,1.94,1.06,1.65,2.95,6.51,1.36,3.64,3.0,3.25,5.98,3.3,2.52,2.91,3.13,5.32,2.71,2.96,2.42,3.19,5.3,2.67
117,South Africa,BPC,Skin Cleansing,Hand Wash,3.93,3.25,3.24,3.78,14.19,7.61,6.03,5.06,5.29,24.0,6.36,4.86,4.55,4.85,4.93,4.51,4.17,4.11,6.36,4.86,4.47,4.79,5.28,4.06,3.75,4.0,6.36,4.86,4.5,4.9,5.15,4.42,4.35,4.73,1.72,-15.82,-12.02,-14.09,24.84,-14.09,-16.76,-16.29,-14.68,20.42,-16.55,-14.58,-3.45,-14.07,31.52,-9.5,-15.82,-12.02,-14.09,24.84,-14.09,-16.76,-16.29,-14.68,20.42,-16.55,-14.58,-3.45,-14.07,31.52,-9.5
118,South Africa,BPC,Skin Cleansing,Skin Cleansing-Bar,52.4,50.56,50.79,52.92,206.67,54.07,49.93,48.78,51.94,204.72,50.22,49.87,49.3,51.18,51.6,50.72,50.55,51.66,50.22,49.87,49.07,50.79,50.6,50.0,50.05,51.56,50.22,49.87,49.27,50.76,50.93,50.16,49.96,51.04,56.69,2.23,1.71,-2.02,-1.04,1.97,0.51,1.75,-2.33,-2.16,1.13,0.99,0.98,-2.25,-2.22,0.98,2.23,1.71,-2.02,-1.04,1.97,0.51,1.75,-2.33,-2.16,1.13,0.99,0.98,-2.25,-2.22,0.98
119,South Africa,BPC,Skin Cleansing,Skin Cleansing-Liquid,12.41,11.4,12.1,14.34,50.26,14.28,11.9,12.24,15.0,53.41,13.78,13.4,12.96,14.8,13.58,13.07,12.89,14.24,13.78,13.4,13.12,14.95,13.99,13.45,13.63,15.44,13.78,13.4,13.13,14.99,14.08,13.56,13.73,15.46,8.87,-1.92,-2.26,2.83,7.01,-2.09,0.97,3.53,3.43,12.42,2.27,1.71,3.81,3.52,13.08,2.78,-1.92,-2.26,2.83,7.01,-2.09,0.97,3.53,3.43,12.42,2.27,1.71,3.81,3.52,13.08,2.78
120,South Africa,BPC,Skin Cleansing,Total,68.74,65.21,66.13,71.04,271.12,75.96,67.86,66.08,72.23,282.13,70.36,68.13,66.81,70.83,70.11,68.3,67.61,70.01,70.36,68.13,66.66,70.53,69.87,67.51,67.43,71.0,70.36,68.13,66.9,70.65,70.16,68.14,68.04,71.23,67.27,-0.05,-0.03,-2.13,1.81,-0.04,-0.8,0.9,-2.29,1.72,0.04,-0.13,1.25,-2.16,2.38,0.56,1.22,0.84,-1.69,0.68,1.03,0.13,1.52,-1.89,0.34,0.83,0.69,1.24,-1.79,0.66,0.95
121,South Africa,F&R,Food,Herbs And Spices,31.31,32.06,32.52,33.9,129.8,33.96,39.47,36.37,37.4,147.2,38.27,38.38,36.43,35.38,35.84,32.57,32.55,31.53,38.27,38.38,36.42,35.36,38.08,36.45,36.44,34.2,38.27,38.38,37.1,37.39,36.98,33.57,34.07,33.46,0.0,-10.74,-10.76,0.85,2.08,-10.75,-2.77,-1.59,0.83,11.84,-2.2,-7.96,-9.36,2.68,6.37,-8.65,-10.74,-10.76,0.85,2.08,-10.75,-2.77,-1.59,0.83,11.84,-2.2,-7.96,-9.36,2.68,6.37,-8.65
122,South Africa,F&R,Food,Regular Foil Soup,22.06,24.65,24.36,22.87,93.94,23.56,25.4,24.07,23.33,96.36,21.6,24.08,23.9,23.19,22.41,24.34,25.72,24.17,21.6,24.08,23.91,23.23,22.58,24.15,24.17,23.33,21.6,24.08,24.96,24.04,23.36,25.39,26.71,25.11,53.46,2.34,5.95,-3.72,2.87,4.18,2.29,0.77,-3.67,0.31,1.52,6.72,5.75,-1.74,7.06,6.22,2.34,5.95,-3.72,2.87,4.18,2.29,0.77,-3.67,0.31,1.52,6.72,5.75,-1.74,7.06,6.22
123,South Africa,F&R,Food,Stock & Cubes & Tabs,15.62,18.33,18.21,16.63,68.79,16.92,19.19,18.21,17.5,71.82,16.46,17.75,17.8,16.76,16.65,17.72,18.43,17.41,16.46,17.75,17.84,16.77,16.51,17.3,18.07,17.07,16.46,17.75,18.25,19.57,18.77,19.38,20.22,19.16,0.0,0.42,3.69,-4.23,2.05,2.07,-1.19,1.53,-4.17,0.22,0.18,11.49,4.13,0.3,12.69,7.63,0.42,3.69,-4.23,2.05,2.07,-1.19,1.53,-4.17,0.22,0.18,11.49,4.13,0.3,12.69,7.63
124,South Africa,F&R,Food,Tea,42.75,50.39,51.88,47.4,192.42,46.02,54.64,52.4,46.42,199.49,44.59,50.04,53.06,47.86,44.5,49.27,53.17,49.09,44.59,50.04,53.08,47.59,44.23,48.78,53.05,48.76,44.59,50.04,52.25,47.49,47.8,51.86,56.04,51.74,42.21,-0.92,1.33,-1.98,1.87,0.25,-1.71,1.13,-2.1,1.25,-0.24,5.32,8.06,-2.57,7.81,6.73,-0.92,1.33,-1.98,1.87,0.25,-1.71,1.13,-2.1,1.25,-0.24,5.32,8.06,-2.57,7.81,6.73
125,South Africa,F&R,Food,Total,111.74,125.43,126.97,120.8,484.95,120.46,138.7,131.05,124.65,514.87,120.92,130.25,131.19,123.19,119.4,123.9,129.87,122.2,120.92,130.25,131.25,122.95,121.4,126.68,131.73,123.36,120.92,130.25,132.56,128.49,126.91,130.2,137.04,129.47,95.67,-3.14,-0.9,-1.81,2.15,-2.02,-1.23,0.35,-1.84,3.76,-0.44,2.36,2.09,-0.51,7.97,2.22,0.9,3.91,-2.95,2.43,2.45,0.53,0.93,-2.98,0.72,0.74,6.1,6.77,-2.11,7.39,6.45
126,South Africa,HC,Home & Hygiene,Dishwash,21.14,20.97,21.55,23.27,86.93,22.7,23.61,22.75,25.22,94.28,23.5,23.33,22.23,23.58,22.18,22.45,22.47,23.5,23.5,23.33,22.24,23.6,22.63,22.51,22.55,23.96,23.5,23.33,22.36,24.2,22.48,22.6,22.69,24.56,63.08,-4.69,0.35,-1.75,4.22,-2.2,-3.6,1.45,-1.71,5.43,-1.1,-3.73,1.48,-0.94,6.22,-1.13,-4.69,0.35,-1.75,4.22,-2.2,-3.6,1.45,-1.71,5.43,-1.1,-3.73,1.48,-0.94,6.22,-1.13
127,South Africa,HC,Home & Hygiene,Fabric Solution,87.1,92.9,97.16,101.07,378.23,91.64,85.91,90.96,103.77,372.27,88.37,96.58,98.51,101.41,89.85,91.65,96.38,99.56,88.37,96.58,98.42,101.53,92.09,94.59,98.01,100.02,88.37,96.58,94.78,95.31,92.98,96.77,98.57,99.13,201.19,-1.86,-1.99,3.38,-0.21,-1.93,0.94,-0.96,3.39,1.71,-0.05,2.6,4.0,0.74,2.44,3.31,-1.86,-1.99,3.38,-0.21,-1.93,0.94,-0.96,3.39,1.71,-0.05,2.6,4.0,0.74,2.44,3.31
128,South Africa,HC,Home & Hygiene,Hard Surface cleaners,17.37,17.17,18.1,19.13,71.78,19.89,18.33,18.27,19.76,76.26,19.65,18.5,18.88,19.58,19.73,19.07,19.82,20.47,19.65,18.5,18.79,19.58,19.52,18.86,19.77,20.25,19.65,18.5,19.19,20.0,20.5,19.02,19.7,20.4,28.42,1.68,4.73,0.47,10.17,3.21,0.6,4.3,0.34,9.22,2.46,3.56,2.31,1.42,10.9,2.93,1.68,4.73,0.47,10.17,3.21,0.6,4.3,0.34,9.22,2.46,3.56,2.31,1.42,10.9,2.93
129,South Africa,HC,Home & Hygiene,Laundry Bar,19.94,21.95,23.44,24.59,89.92,22.64,21.03,21.95,24.94,90.55,20.86,22.58,21.65,21.89,20.9,21.62,22.05,22.36,20.86,22.58,21.64,21.89,20.9,21.75,22.0,22.73,20.86,22.58,22.91,24.08,22.59,23.54,23.73,24.89,44.72,-2.12,1.98,-3.94,-3.33,-0.06,-1.82,2.76,-3.95,-2.83,0.47,6.19,3.46,-0.13,5.37,4.77,-2.12,1.98,-3.94,-3.33,-0.06,-1.82,2.76,-3.95,-2.83,0.47,6.19,3.46,-0.13,5.37,4.77
130,South Africa,HC,Home & Hygiene,Toilet Cleaners,17.46,16.48,15.8,17.71,67.45,19.38,18.33,16.83,18.85,73.38,20.05,17.15,16.55,18.78,18.0,16.42,16.06,18.14,20.05,17.15,16.54,18.78,18.47,17.09,16.7,18.56,20.05,17.15,17.03,19.38,18.6,16.45,16.52,18.78,28.05,-7.45,-3.18,-1.17,1.75,-5.37,-4.41,-0.16,-1.17,5.0,-2.34,-5.79,-3.01,0.3,4.3,-4.41,-7.45,-3.18,-1.17,1.75,-5.37,-4.41,-0.16,-1.17,5.0,-2.34,-5.79,-3.01,0.3,4.3,-4.41
131,South Africa,HC,Home & Hygiene,Total,163.01,169.47,176.05,185.77,694.31,176.25,167.21,170.76,192.54,706.74,172.43,178.14,177.82,185.24,170.66,171.21,176.78,184.03,172.43,178.14,177.63,185.38,173.61,174.8,179.03,185.52,172.43,178.14,176.27,182.97,177.15,178.38,181.21,187.76,365.45,-2.48,-0.62,0.97,1.21,-1.53,-0.61,0.43,0.97,2.69,-0.08,1.41,2.71,0.44,4.35,2.07,-2.53,-0.67,1.02,1.13,-1.61,-0.62,0.38,1.02,2.63,-0.15,1.38,2.83,0.36,4.25,2.1
132,South Africa,BPC,Total,Total,237.2,227.13,235.91,250.54,950.79,246.84,223.28,226.61,252.75,949.49,238.89,240.43,237.84,250.58,247.65,243.52,245.54,254.05,238.89,240.43,237.66,248.64,244.57,240.84,243.16,255.28,238.89,240.43,238.27,249.29,252.3,247.55,245.88,255.93,187.98,2.47,2.28,1.92,4.2,2.38,1.27,2.5,1.7,3.48,1.89,4.29,2.92,1.83,5.35,3.6,3.62,2.96,1.88,3.3,3.28,1.81,2.77,1.61,2.11,2.29,5.09,3.14,1.74,4.02,4.1
133,South Africa,F&R,Total,Total,111.74,125.43,126.97,120.8,484.95,120.46,138.7,131.05,124.65,514.87,120.92,130.25,131.19,123.19,119.4,123.9,129.87,122.2,120.92,130.25,131.25,122.95,121.4,126.68,131.73,123.36,120.92,130.25,132.56,128.49,126.91,130.2,137.04,129.47,95.67,-3.14,-0.9,-1.81,2.15,-2.02,-1.23,0.35,-1.84,3.76,-0.44,2.36,2.09,-0.51,7.97,2.22,0.9,3.91,-2.95,2.43,2.45,0.53,0.93,-2.98,0.72,0.74,6.1,6.77,-2.11,7.39,6.45
134,South Africa,HC,Total,Total,163.01,169.47,176.05,185.77,694.31,176.25,167.21,170.76,192.54,706.74,172.43,178.14,177.82,185.24,170.66,171.21,176.78,184.03,172.43,178.14,177.63,185.38,173.61,174.8,179.03,185.52,172.43,178.14,176.27,182.97,177.15,178.38,181.21,187.76,365.45,-2.48,-0.62,0.97,1.21,-1.53,-0.61,0.43,0.97,2.69,-0.08,1.41,2.71,0.44,4.35,2.07,-2.53,-0.67,1.02,1.13,-1.61,-0.62,0.38,1.02,2.63,-0.15,1.38,2.83,0.36,4.25,2.1
135,South Africa,Total,Total,Total,511.95,522.03,538.93,557.11,2130.05,543.55,529.19,528.42,569.94,2171.1,532.24,548.82,546.85,559.01,537.71,538.63,552.19,560.28,532.24,548.82,546.54,556.97,539.58,542.32,553.92,564.16,532.24,548.82,547.1,560.75,556.36,556.13,564.13,573.16,649.1,-0.44,0.6,0.73,2.76,0.09,0.08,1.32,0.62,3.28,0.71,2.91,2.66,0.82,5.62,2.78,-0.25,1.06,0.69,1.95,0.4,0.25,1.16,0.61,2.2,0.69,3.15,3.5,0.4,4.65,3.32
136,United Kingdom,BPC,Deos,Deodorants,152.52,180.98,198.97,181.94,714.42,160.52,143.52,175.06,159.89,638.99,121.48,156.25,173.51,162.74,145.9,162.47,179.2,162.91,121.48,156.25,173.55,154.66,144.3,159.33,170.22,152.3,121.48,156.25,176.17,163.49,153.96,175.55,199.28,181.14,239.67,11.03,1.74,-3.91,-8.95,5.94,9.33,-1.73,-5.17,-12.35,3.34,18.65,12.0,-3.38,-0.63,14.99,11.03,1.74,-3.91,-8.95,5.94,9.33,-1.73,-5.17,-12.35,3.34,18.65,12.0,-3.38,-0.63,14.99
137,United Kingdom,BPC,Face Care,Face Care,218.29,220.49,217.48,242.62,898.89,229.77,191.09,225.05,238.22,884.13,223.05,237.04,235.7,246.8,244.43,243.31,241.25,252.7,223.05,237.04,235.75,246.16,244.39,241.11,239.23,249.19,223.05,237.04,237.15,249.18,255.2,251.67,252.26,265.06,58.02,6.01,2.37,6.61,9.21,4.15,5.52,1.35,6.55,8.35,3.39,10.17,6.37,7.05,13.94,8.22,6.01,2.37,6.61,9.21,4.15,5.52,1.35,6.55,8.35,3.39,10.17,6.37,7.05,13.94,8.22
138,United Kingdom,F&R,Food,Bouillons,54.92,39.43,38.54,58.21,191.1,63.97,52.35,45.42,63.63,225.37,63.85,40.8,40.79,58.18,55.04,38.28,35.87,55.64,63.85,40.8,40.81,57.61,61.62,43.73,39.27,58.18,63.85,40.8,40.95,60.89,63.45,41.05,39.92,65.65,70.47,-10.84,-7.54,-9.65,-3.29,-9.23,0.67,-0.98,-9.9,6.12,-0.13,-0.14,3.66,-8.38,9.93,1.74,-10.84,-7.54,-9.65,-3.29,-9.23,0.67,-0.98,-9.9,6.12,-0.13,-0.14,3.66,-8.38,9.93,1.74
139,United Kingdom,F&R,Food,Ice Cream,280.17,473.93,549.11,277.48,1580.69,293.84,688.25,594.15,343.0,1919.24,373.48,594.75,627.11,383.63,369.46,590.68,645.9,392.82,373.48,594.75,631.47,390.02,379.16,600.83,652.5,397.87,373.48,594.75,624.58,399.79,362.53,599.5,687.4,455.79,381.65,-0.84,2.77,3.11,26.45,1.01,1.21,2.83,3.67,28.45,2.04,-0.64,11.6,3.82,33.18,5.65,-0.84,2.77,3.11,26.45,1.01,1.21,2.83,3.67,28.45,2.04,-0.64,11.6,3.82,33.18,5.65
140,United Kingdom,F&R,Food,Mayonnaise,54.24,63.47,64.21,57.86,239.79,64.74,89.11,77.63,69.52,301.01,70.04,78.12,76.13,69.09,66.87,73.33,74.25,67.18,70.04,78.12,76.16,69.24,67.16,73.7,74.6,67.41,70.04,78.12,76.85,70.25,78.31,86.86,88.74,80.83,147.02,-5.37,-2.61,-2.54,17.45,-4.01,-4.93,-2.33,-2.48,17.96,-3.64,11.48,15.27,-1.91,39.6,13.37,-5.37,-2.61,-2.54,17.45,-4.01,-4.93,-2.33,-2.48,17.96,-3.64,11.48,15.27,-1.91,39.6,13.37
141,United Kingdom,F&R,Food,Meal Solutions,40.82,35.13,34.61,41.56,152.13,46.0,45.02,39.8,46.37,177.19,46.48,36.67,38.7,42.74,39.88,35.69,34.03,39.95,46.48,36.67,38.72,43.54,42.52,38.67,37.24,42.52,46.48,36.67,39.4,45.48,42.67,37.1,36.43,44.67,17.26,-9.11,-9.16,-7.12,-1.69,-9.13,-2.35,-3.04,-6.65,5.8,-2.69,-4.06,-4.47,-5.17,5.75,-4.26,-9.11,-9.16,-7.12,-1.69,-9.13,-2.35,-3.04,-6.65,5.8,-2.69,-4.06,-4.47,-5.17,5.75,-4.26
142,United Kingdom,F&R,Food,Mini Meals,107.42,100.12,107.05,102.91,417.5,129.98,120.56,113.01,108.74,472.29,116.81,105.29,106.19,104.26,104.38,100.15,101.81,101.44,116.81,105.29,106.49,104.34,108.67,103.39,104.66,104.42,116.81,105.29,110.01,106.03,111.05,109.47,115.47,114.43,122.09,-7.91,-3.42,-8.42,-2.33,-5.72,-4.52,-0.83,-8.34,0.87,-2.72,-0.71,6.41,-7.23,7.89,2.8,-7.91,-3.42,-8.42,-2.33,-5.72,-4.52,-0.83,-8.34,0.87,-2.72,-0.71,6.41,-7.23,7.89,2.8
143,United Kingdom,F&R,Food,Total,537.57,712.08,793.52,538.02,2581.21,598.53,995.29,870.01,631.26,3095.1,670.66,855.63,888.92,657.9,635.63,838.13,891.86,657.03,670.66,855.63,893.65,664.75,659.13,860.32,908.27,670.4,670.66,855.63,891.79,682.44,658.01,873.98,967.96,761.37,738.49,-3.44,0.13,-0.71,17.1,-1.64,-0.45,1.3,-0.34,20.03,0.44,0.38,9.85,0.18,26.35,5.19,-4.06,-0.59,-1.38,16.4,-2.32,-1.09,0.7,-1.08,19.14,-0.2,1.73,10.34,-0.52,27.42,6.11
144,United Kingdom,HC,Fabric Sensation,Fabric Sensation,156.01,156.63,157.29,154.13,624.06,165.16,144.59,161.16,153.72,624.64,152.83,163.32,157.5,155.04,161.1,161.17,158.31,155.58,152.83,163.32,157.57,153.23,160.99,160.88,156.78,151.83,152.83,163.32,158.94,155.04,174.93,173.51,176.49,170.86,158.4,1.94,0.43,0.65,1.94,1.19,1.81,-0.71,0.37,1.03,0.56,10.21,10.63,0.88,11.49,10.42,1.94,0.43,0.65,1.94,1.19,1.81,-0.71,0.37,1.03,0.56,10.21,10.63,0.88,11.49,10.42
145,United Kingdom,HC,Fabric Solution,Fabric Solution,348.28,345.15,360.9,333.88,1388.21,394.77,308.11,359.88,336.73,1399.48,324.71,356.19,358.54,336.26,351.64,342.55,353.78,329.32,324.71,356.19,358.74,337.75,355.7,347.4,361.01,335.15,324.71,356.19,362.91,345.31,369.88,358.47,376.19,358.02,267.66,1.95,-1.68,-1.7,-0.79,0.12,3.26,-0.05,-1.58,0.8,1.59,6.97,3.67,-0.74,5.36,5.29,1.95,-1.68,-1.7,-0.79,0.12,3.26,-0.05,-1.58,0.8,1.59,6.97,3.67,-0.74,5.36,5.29
146,United Kingdom,HC,Home & Hygiene,Surface Cleaners,179.49,175.47,180.62,166.6,702.18,240.28,241.52,242.47,208.56,932.83,218.31,201.19,214.04,189.01,188.12,181.28,182.89,164.87,218.31,201.19,214.3,194.74,211.11,205.84,206.09,185.24,218.31,201.19,214.9,191.42,197.42,186.84,196.95,177.47,37.65,-11.94,-13.72,-11.82,2.13,-12.81,-0.61,-4.33,-11.18,15.11,-2.45,-8.4,-7.85,-11.47,8.04,-8.13,-11.94,-13.72,-11.82,2.13,-12.81,-0.61,-4.33,-11.18,15.11,-2.45,-8.4,-7.85,-11.47,8.04,-8.13
147,United Kingdom,HC,Home & Hygiene,Toilet & Bleach,85.3,87.2,93.29,84.13,349.92,101.16,95.2,102.17,90.53,389.07,88.73,91.81,95.36,86.13,85.78,87.16,90.45,80.86,88.73,91.81,95.44,86.0,87.56,89.09,91.54,81.87,88.73,91.81,95.6,87.57,87.85,88.42,95.42,86.72,61.05,-4.21,-5.61,-6.95,-1.62,-4.91,-2.15,-4.43,-6.96,0.04,-3.3,-2.37,-0.56,-6.52,2.43,-1.46,-4.21,-5.61,-6.95,-1.62,-4.91,-2.15,-4.43,-6.96,0.04,-3.3,-2.37,-0.56,-6.52,2.43,-1.46
148,United Kingdom,HC,Home & Hygiene,Total,264.79,262.67,273.91,250.73,1052.1,341.44,336.72,344.64,299.09,1321.9,307.04,293.0,309.4,275.14,273.9,268.44,273.34,245.73,307.04,293.0,309.74,280.74,298.67,294.93,297.63,267.11,307.04,293.0,310.5,278.99,285.27,275.26,292.37,264.19,98.7,-9.62,-11.2,-10.39,0.88,-10.4,-1.07,-4.36,-9.94,10.1,-2.7,-6.59,-5.59,-10.01,6.18,-6.09,-7.16,-8.7,-8.81,-0.19,-7.92,-1.56,-4.39,-8.57,5.79,-2.98,-4.67,-3.34,-8.41,4.57,-4.0
149,United Kingdom,BPC,Total,Total,370.81,401.47,416.45,424.56,1613.31,390.29,334.61,400.11,398.11,1523.12,344.53,393.29,409.21,409.54,390.33,405.78,420.45,415.61,344.53,393.29,409.3,400.82,388.69,400.44,409.45,401.49,344.53,393.29,413.32,412.67,409.16,427.22,451.54,446.2,297.69,7.9,2.11,2.2,1.17,4.86,6.96,0.1,1.63,-0.82,3.37,13.36,8.69,2.67,7.49,10.89,10.05,1.86,-1.86,-5.41,5.59,8.59,-1.13,-2.89,-8.32,3.35,17.0,10.9,-1.35,2.21,13.67
150,United Kingdom,F&R,Total,Total,537.57,712.08,793.52,538.02,2581.21,598.53,995.29,870.01,631.26,3095.1,670.66,855.63,888.92,657.9,635.63,838.13,891.86,657.03,670.66,855.63,893.65,664.75,659.13,860.32,908.27,670.4,670.66,855.63,891.79,682.44,658.01,873.98,967.96,761.37,738.49,-3.44,0.13,-0.71,17.1,-1.64,-0.45,1.3,-0.34,20.03,0.44,0.38,9.85,0.18,26.35,5.19,-4.06,-0.59,-1.38,16.4,-2.32,-1.09,0.7,-1.08,19.14,-0.2,1.73,10.34,-0.52,27.42,6.11
151,United Kingdom,HC,Total,Total,769.08,764.45,792.1,738.74,3064.37,901.37,789.42,865.68,789.54,3346.02,784.58,812.51,825.44,766.44,786.64,772.16,785.43,730.63,784.58,812.51,826.05,771.72,815.36,803.21,815.42,754.09,784.58,812.51,832.35,779.34,830.08,807.24,845.05,793.07,524.76,-2.4,-4.76,-4.69,0.34,-3.58,1.34,-1.77,-4.52,4.04,-0.21,2.52,1.64,-4.1,6.89,2.08,0.23,-2.36,-2.33,0.15,-1.07,1.92,-1.07,-2.31,1.81,0.42,5.76,4.45,-1.69,7.06,5.09
152,United Kingdom,Total,Total,Total,1677.46,1878.0,2002.07,1701.32,7258.89,1890.19,2119.32,2135.8,1818.91,7964.24,1799.77,2061.43,2123.57,1833.88,1812.6,2016.07,2097.74,1803.27,1799.77,2061.43,2129.0,1837.29,1863.18,2063.97,2133.14,1825.98,1799.77,2061.43,2137.46,1874.45,1897.25,2108.44,2264.55,2000.64,1560.94,-0.84,-1.43,-1.83,6.49,-1.14,1.71,-0.18,-1.72,8.64,0.75,3.74,6.31,-1.14,13.94,5.05,0.08,-0.72,-1.79,6.78,-0.39,1.76,-0.24,-1.83,8.08,0.69,6.0,8.47,-1.07,15.77,7.21
153,Global,BPC,Total,Total,3208.34,3265.93,3287.21,3335.04,13096.53,3264.68,2720.43,3150.83,3278.2,12414.18,3176.8,3211.84,3226.03,3356.3,3385.16,3407.69,3416.0,3476.57,3176.8,3211.84,3218.84,3296.95,3282.96,3292.86,3311.74,3393.99,3176.8,3211.84,3239.13,3361.53,3560.57,3592.38,3630.92,3720.62,4905.71,6.33,4.71,4.49,4.5,5.51,2.93,2.92,3.95,1.41,2.92,11.96,11.38,4.63,10.75,11.67,4.65,4.41,3.64,5.0,4.46,2.02,2.93,3.14,2.46,2.42,11.48,11.16,3.84,12.2,11.25
154,Global,F&R,Total,Total,2175.75,2564.84,2836.55,2303.96,9881.11,2377.5,2927.38,2979.34,2561.23,10845.43,2552.65,2973.77,3036.98,2603.8,2545.35,3007.12,3126.56,2630.55,2552.65,2973.77,3036.92,2598.3,2558.48,3018.69,3123.44,2633.8,2552.65,2973.77,3062.07,2632.59,2571.03,3061.36,3253.5,2769.78,3270.82,0.47,2.06,2.97,14.46,1.28,0.92,2.16,2.92,14.71,1.55,1.92,5.77,3.46,17.96,3.87,-0.61,0.78,2.58,13.64,0.09,0.28,0.79,2.56,14.15,0.54,2.32,5.46,3.01,18.58,3.91
155,Global,HC,Total,Total,2790.6,2803.95,2875.28,2839.68,11309.55,3056.61,2733.73,2954.43,2941.58,11686.35,2943.46,2980.91,2997.51,2952.23,2999.92,2994.52,3026.07,2979.21,2943.46,2980.91,2997.94,2937.05,3001.84,2989.93,3030.54,2986.37,2943.46,2980.91,3022.14,3022.53,3119.87,3125.52,3193.71,3141.92,3969.43,1.18,0.93,1.61,6.1,1.06,1.14,1.38,1.48,6.18,1.26,5.42,4.81,2.42,11.24,5.11,2.52,1.62,4.88,9.62,2.04,2.28,1.62,4.71,9.35,1.92,7.3,6.04,5.49,15.24,6.64
